entry_time,exit_time,side,entry_price,exit_price,pnl_pct,pnl_dollars,capital,bars_held,max_profit,exit_reason
2025-01-02 09:00:00+00:00,2025-01-04 21:00:00+00:00,LONG,3465.4404306042215,3657.3853766,0.05438832648821836,543.8832648821837,10543.883264882184,60,0.05636067717999245,Time
2025-01-06 15:00:00+00:00,2025-01-07 12:00:00+00:00,LONG,3714.4582431,3631.92347,-0.023219868335662894,-244.82758115716373,10299.05568372502,21,0.0,SL
2025-01-07 14:00:00+00:00,2025-01-08 04:00:00+00:00,SHORT,3570.070843,3348.5055672,0.06106187091061042,628.8796086608057,10927.935292385826,14,0.062249421026405155,TP
2025-01-08 17:00:00+00:00,2025-01-08 22:00:00+00:00,SHORT,3262.3314032,3334.5697806,-0.02314317568385046,-252.90712633343492,10675.02816605239,5,0.0,SL
2025-01-11 11:00:00+00:00,2025-01-13 06:00:00+00:00,LONG,3274.079685,3188.8276069,-0.027038486018094665,-288.6365998105743,10386.391566241817,43,0.01031139075651422,SL
2025-01-13 08:00:00+00:00,2025-01-13 22:00:00+00:00,SHORT,3167.56636,3132.2263199999998,0.010156842819861255,105.49294660385068,10491.884512845667,14,0.05032423693248206,Trail
2025-01-14 09:00:00+00:00,2025-01-15 23:00:00+00:00,LONG,3244.2482198999996,3451.739514,0.06295666423649789,660.5340504833368,11152.418563329004,38,0.0641694981361251,TP
2025-01-17 10:00:00+00:00,2025-01-18 03:00:00+00:00,LONG,3426.8082246,3384.0935459,-0.013464858229697299,-150.16573487346946,11002.252828455534,17,0.026418687439262147,Trail
2025-01-18 05:00:00+00:00,2025-01-19 13:00:00+00:00,SHORT,3293.0117659000002,3270.3009294,0.005896676390645497,64.87672449746638,11067.129552953,32,0.04506900565520389,Trail
2025-01-19 14:00:00+00:00,2025-01-19 21:00:00+00:00,LONG,3377.4508551,3229.1825343,-0.04489947542126706,-496.9083113467915,10570.221241606208,7,0.018287207586377013,SL
2025-01-22 18:00:00+00:00,2025-01-23 22:00:00+00:00,SHORT,3249.7979104,3323.6290929,-0.023718699603974016,-250.7119023772029,10319.509339229005,28,0.016692702714342884,SL
2025-01-24 05:00:00+00:00,2025-01-24 20:00:00+00:00,LONG,3409.28172,3328.749117,-0.024621574752115266,-254.08257060097858,10065.426768628027,15,0.0011214326987328193,SL
2025-01-27 00:00:00+00:00,2025-01-27 21:00:00+00:00,SHORT,3213.55716,3158.9566649999997,0.015990671794989992,160.95293593363746,10226.379704561665,21,0.05494259202783241,Trail
2025-01-30 13:00:00+00:00,2025-01-31 22:00:00+00:00,LONG,3262.6343964,3295.895689,0.009194612254655551,94.0275961523235,10320.407300713989,33,0.05051473244499999,Trail
2025-02-02 03:00:00+00:00,2025-02-02 22:00:00+00:00,SHORT,3076.0511667,2875.349955,0.06424638272363752,663.0488373054936,10983.456138019483,19,0.06543329606442465,TP
2025-02-03 01:00:00+00:00,2025-02-03 07:00:00+00:00,SHORT,2487.2344536,2625.3624675,-0.05653477827555615,-620.9472574622276,10362.508880557256,6,0.013337083503320989,SL
2025-02-03 15:00:00+00:00,2025-02-03 22:00:00+00:00,LONG,2706.5667051,2872.645356,0.06036137364989266,625.4952704896475,10988.004151046904,7,0.06157368838757011,TP
2025-02-06 04:00:00+00:00,2025-02-06 14:00:00+00:00,LONG,2821.3041479999997,2748.55018,-0.026787353714265175,-294.3395538079074,10693.664597238996,10,0.011440046980712913,SL
2025-02-06 15:00:00+00:00,2025-02-07 11:00:00+00:00,SHORT,2705.703751,2763.25254,-0.02226943460780971,-238.1418644660636,10455.522732772932,20,0.006650303453713168,SL
2025-02-07 14:00:00+00:00,2025-02-07 15:00:00+00:00,LONG,2786.092107,2722.6228665,-0.023780740213338564,-248.64006990272878,10206.882662870203,1,0.0,SL
2025-02-07 20:00:00+00:00,2025-02-08 00:00:00+00:00,SHORT,2588.03229,2649.3777695999997,-0.02470352172074315,-252.14594756329072,9954.736715306912,4,0.001381277201916256,SL
2025-02-09 21:00:00+00:00,2025-02-09 22:00:00+00:00,SHORT,2552.759346,2617.67343,-0.0264289869124232,-263.0936063654651,9691.643108941447,1,0.0,SL
2025-02-11 00:00:00+00:00,2025-02-11 13:00:00+00:00,LONG,2707.0823082,2635.452804,-0.02746003927661447,-266.13290042646213,9425.510208514985,13,0.00614413967008614,SL
2025-02-11 18:00:00+00:00,2025-02-12 17:00:00+00:00,SHORT,2609.1665623000004,2673.449583,-0.02563737717201686,-241.64536025439392,9183.864848260591,23,0.008553138240560703,SL
2025-02-12 22:00:00+00:00,2025-02-13 06:00:00+00:00,LONG,2748.1485198,2686.6645596000003,-0.023372866588911398,-214.65324786898782,8969.211600391603,8,0.00023524208948033502,SL
2025-02-13 14:00:00+00:00,2025-02-14 02:00:00+00:00,SHORT,2636.92251,2692.48839,-0.022072246070666716,-197.9706455037219,8771.240954887882,12,0.0037780822008303305,SL
2025-02-14 14:00:00+00:00,2025-02-16 20:00:00+00:00,LONG,2723.0720055,2671.6475636,-0.01988471615738923,-174.41363673601322,8596.827318151869,54,0.01913757491345918,Trail
2025-02-17 08:00:00+00:00,2025-02-17 16:00:00+00:00,LONG,2714.977887,2726.969497,0.0034168352373766635,29.373942510303625,8626.201260662172,8,0.041426530042305204,Trail
2025-02-18 05:00:00+00:00,2025-02-19 09:00:00+00:00,SHORT,2677.3844160000003,2724.649821,-0.018653574405506527,-160.90948705263602,8465.291773609535,28,0.02206833491929922,Trail
2025-02-20 15:00:00+00:00,2025-02-21 09:00:00+00:00,SHORT,2710.687754,2783.536596,-0.02787467115771678,-235.96722444349084,8229.324549166044,18,0.0,SL
2025-02-21 17:00:00+00:00,2025-02-22 10:00:00+00:00,SHORT,2671.71555,2733.1915289999997,-0.02400992671169647,-197.5854793122413,8031.739069853802,17,0.015107165880738961,SL
2025-02-24 14:00:00+00:00,2025-02-25 01:00:00+00:00,SHORT,2654.898914,2495.6190239999996,0.058994709840014745,473.83011593673496,8505.569185790537,11,0.060182673305353575,TP
2025-02-25 07:00:00+00:00,2025-02-25 11:00:00+00:00,SHORT,2369.526,2432.8364699999997,-0.027718622205453708,-235.7626589032764,8269.80652688726,4,0.0,SL
2025-02-26 13:00:00+00:00,2025-02-27 10:00:00+00:00,SHORT,2414.2230588,2376.5252100000002,0.014614898823283484,120.86238567858669,8390.668912565847,21,0.051131588007181865,Trail
2025-02-27 20:00:00+00:00,2025-02-27 23:00:00+00:00,SHORT,2253.1162866,2306.376183,-0.024638325601192203,-206.73203267959863,8183.936879886248,3,0.0,SL
2025-02-28 02:00:00+00:00,2025-02-28 15:00:00+00:00,SHORT,2165.8427447999998,2222.9580027,-0.027370916372912665,-224.0018519405623,7959.935027945686,13,0.028360205258425603,SL
2025-03-01 11:00:00+00:00,2025-03-01 21:00:00+00:00,SHORT,2183.6511824000004,2228.7596627999997,-0.021657365408710376,-172.39122152981295,7787.5438064158725,10,0.014735037655893546,SL
2025-03-02 16:00:00+00:00,2025-03-03 02:00:00+00:00,LONG,2443.0755174,2446.7755469999997,0.0005144966144711497,4.006664923446737,7791.550471339319,10,0.03961583746007214,Trail
2025-03-03 14:00:00+00:00,2025-03-03 19:00:00+00:00,SHORT,2271.5995892,2109.2217600000004,0.0704817126979606,549.1618217925974,8340.712293131917,5,0.07166737922211626,TP
2025-03-04 01:00:00+00:00,2025-03-04 05:00:00+00:00,SHORT,2054.204077,2106.3556869,-0.02638774529946571,-220.0925916072876,8120.61970152463,4,0.0,SL
2025-03-06 05:00:00+00:00,2025-03-06 13:00:00+00:00,LONG,2314.7233521,2245.320846,-0.030983067322941777,-251.60170691634497,7869.017994608284,8,0.0,SL
2025-03-06 14:00:00+00:00,2025-03-07 10:00:00+00:00,SHORT,2224.9834143,2197.5309183,0.01133829242211978,89.2212270977913,7958.239221706076,20,0.048107511099661354,Trail
2025-03-07 16:00:00+00:00,2025-03-08 18:00:00+00:00,SHORT,2158.3342468,2208.1740465,-0.024091789315715793,-191.7282226534088,7766.510999052667,26,0.013845977213356727,SL
2025-03-09 09:00:00+00:00,2025-03-09 17:00:00+00:00,SHORT,2164.1975739000004,2024.1687527999998,0.0637024203283165,494.7455481461463,8261.256547198813,8,0.06488944243982847,TP
2025-03-10 17:00:00+00:00,2025-03-11 05:00:00+00:00,SHORT,1916.061711,1892.8960034999998,0.011090272127983816,91.61958322752281,8352.876130426335,12,0.05377421322522321,Trail
2025-03-13 17:00:00+00:00,2025-03-13 22:00:00+00:00,SHORT,1825.064914,1879.62585,-0.030895339930906072,-258.06494745027294,8094.811182976062,5,0.0,SL
2025-03-14 14:00:00+00:00,2025-03-16 11:00:00+00:00,LONG,1919.053734,1873.510223,-0.024732275023415306,-200.20309643998175,7894.60808653608,45,0.01633423048278231,SL
2025-03-19 10:00:00+00:00,2025-03-20 10:00:00+00:00,LONG,1974.0812372999999,1981.6036000000001,0.002810563900748472,22.188300498575277,7916.796387034656,24,0.04195559996977654,Trail
2025-03-20 16:00:00+00:00,2025-03-22 10:00:00+00:00,SHORT,1956.723577,1996.5997401,-0.021379047694175143,-169.25356754348735,7747.542819491168,42,0.006083422891162946,SL
2025-03-24 04:00:00+00:00,2025-03-26 14:00:00+00:00,LONG,2040.8125809,2017.7638665,-0.01229389078434415,-95.24744526985417,7652.295374221314,58,0.028015516777530867,Trail
2025-03-26 18:00:00+00:00,2025-03-28 15:00:00+00:00,SHORT,1993.961128,1871.3696991,0.060481353461971796,462.821181323691,8115.116555545005,45,0.061669019658040156,TP
2025-03-29 16:00:00+00:00,2025-04-01 04:00:00+00:00,SHORT,1820.9672337,1837.5629391,-0.010113676013971673,-82.07365965839995,8033.042895886605,60,0.019199265672102502,Time
2025-04-01 15:00:00+00:00,2025-04-02 02:00:00+00:00,LONG,1918.63365,1877.7653718000001,-0.022300720020208054,-179.1426405314885,7853.900255355116,11,0.0,SL
2025-04-02 06:00:00+00:00,2025-04-02 15:00:00+00:00,SHORT,1854.5435171000001,1901.0976435,-0.02610274144054479,-205.0083276653633,7648.891927689753,9,0.0,SL
2025-04-02 22:00:00+00:00,2025-04-03 04:00:00+00:00,SHORT,1797.3854509999999,1834.7158697999998,-0.021769289513960777,-166.51094283487578,7482.380984854877,6,0.0012993601337434667,SL
2025-04-03 12:00:00+00:00,2025-04-03 20:00:00+00:00,SHORT,1758.5287239,1797.60945,-0.023223535827909713,-173.7673428798476,7308.613641975029,8,0.0008380436895744857,SL
2025-04-05 23:00:00+00:00,2025-04-06 13:00:00+00:00,LONG,1806.3146907,1747.120506,-0.03377069328216589,-246.81694962099212,7061.796692354037,14,0.0026860265960189887,SL
2025-04-06 17:00:00+00:00,2025-04-06 20:00:00+00:00,SHORT,1683.5632200000002,1574.4553280999999,0.06380771889279,450.59713822376057,7512.393830577797,3,0.06499471994880017,TP
2025-04-08 16:00:00+00:00,2025-04-09 07:00:00+00:00,SHORT,1485.837773,1482.931527,0.0009559645425705637,7.181582131858229,7519.575412709655,15,0.04582954763797078,Trail
2025-04-09 17:00:00+00:00,2025-04-10 06:00:00+00:00,LONG,1634.046744,1615.1494055,-0.012564747807483734,-94.48156868005223,7425.093844029603,13,0.02393643642302077,Trail
2025-04-10 13:00:00+00:00,2025-04-11 06:00:00+00:00,SHORT,1567.691399,1551.1701719999999,0.009538570926994148,70.82478427086399,7495.918628300467,17,0.046485168603007714,Trail
2025-04-12 08:00:00+00:00,2025-04-13 13:00:00+00:00,LONG,1591.6732709999999,1573.83517,-0.012207137372353238,-91.50370842764546,7404.414919872822,29,0.0396543248856254,Trail
2025-04-15 14:00:00+00:00,2025-04-17 06:00:00+00:00,SHORT,1620.0559240000002,1602.895515,0.009592479398878022,71.02669757962511,7475.441617452447,40,0.04583540783990878,Trail
2025-04-17 14:00:00+00:00,2025-04-17 16:00:00+00:00,SHORT,1569.9219528,1605.22098,-0.0234845745592914,-175.55756602869187,7299.8840514237545,2,0.0,SL
2025-04-21 05:00:00+00:00,2025-04-21 13:00:00+00:00,LONG,1648.7761893,1612.2434868,-0.02315746608732271,-169.0468173622335,7130.837234061521,8,0.00019851736222547,SL
2025-04-21 16:00:00+00:00,2025-04-22 08:00:00+00:00,SHORT,1588.9301504,1628.0605469999998,-0.025626882805483336,-182.74113010227154,6948.096103959249,16,0.012901857513899648,SL
2025-04-22 14:00:00+00:00,2025-04-23 02:00:00+00:00,LONG,1675.8356001,1792.936341,0.06887603133207847,478.5572849545896,7426.653388913839,12,0.07009004934194685,TP
2025-04-23 04:00:00+00:00,2025-04-24 02:00:00+00:00,LONG,1817.7584789999999,1779.4265435,-0.022087474459801366,-164.03601704943168,7262.617371864408,22,0.0,SL
2025-04-24 07:00:00+00:00,2025-04-25 14:00:00+00:00,SHORT,1756.4296438,1809.9384152999999,-0.031464511737706057,-228.51470954349557,7034.102662320912,31,0.01200369389939574,SL
2025-04-26 11:00:00+00:00,2025-04-27 00:00:00+00:00,SHORT,1786.747579,1843.3881039,-0.03270035071865064,-230.01762404888802,6804.085038272024,13,0.0,SL
2025-04-28 01:00:00+00:00,2025-04-28 06:00:00+00:00,SHORT,1765.2083877,1805.891106,-0.02404697767327521,-163.61768100239325,6640.46735726963,5,0.0,SL
2025-04-28 15:00:00+00:00,2025-04-28 22:00:00+00:00,SHORT,1763.807168,1802.3483976,-0.02285115827809129,-151.7423706214669,6488.724986648163,7,0.003366109463503527,SL
2025-04-30 11:00:00+00:00,2025-04-30 12:00:00+00:00,LONG,1816.833294,1776.154698,-0.02338983407797456,-151.77020081530821,6336.954785832855,1,0.0,SL
2025-05-06 10:00:00+00:00,2025-05-07 00:00:00+00:00,SHORT,1784.4330420000001,1842.0633389999998,-0.033296138685824504,-210.99612539489007,6125.958660437965,14,0.014452232946267147,SL
2025-05-08 03:00:00+00:00,2025-05-08 15:00:00+00:00,LONG,1901.895303,2051.4041371,0.07761044394198172,475.4383712068181,6601.397031644783,12,0.07882620918381854,TP
2025-05-08 19:00:00+00:00,2025-05-09 06:00:00+00:00,LONG,2118.2755703999997,2256.2846528,0.06415161876409674,423.490305684516,7024.887337329299,11,0.06536469170243717,TP
2025-05-09 07:00:00+00:00,2025-05-09 14:00:00+00:00,LONG,2365.82307,2305.7627552000004,-0.026386646855210336,-185.36322136774706,6839.524115961552,7,0.019640915074853865,SL
2025-05-10 21:00:00+00:00,2025-05-11 07:00:00+00:00,LONG,2536.5702126,2473.275246,-0.02595297243718802,-177.5059808650329,6662.018135096519,10,0.019160631611368793,SL
2025-05-12 00:00:00+00:00,2025-05-12 15:00:00+00:00,LONG,2533.221543,2486.5026000000003,-0.019442501852669526,-129.52629993413206,6532.491835162386,15,0.017476346323650315,Trail
2025-05-13 11:00:00+00:00,2025-05-13 18:00:00+00:00,LONG,2514.037707,2670.425808,0.061205948846573925,399.8273611036108,6932.319196265998,7,0.062418432533080576,TP
2025-05-13 19:00:00+00:00,2025-05-14 02:00:00+00:00,LONG,2692.3663656,2637.7923360000004,-0.02126991211050785,-147.4498200265642,6784.869376239433,7,0.001735883518571052,SL
2025-05-15 07:00:00+00:00,2025-05-15 16:00:00+00:00,SHORT,2531.8875212,2599.959888,-0.027886015366013116,-189.20297168220466,6595.666404557229,9,0.011804442713092753,SL
2025-05-18 08:00:00+00:00,2025-05-18 17:00:00+00:00,LONG,2518.8321657,2490.15187,-0.012386346454738698,-81.69620918672656,6513.970195370503,9,0.024242518073065055,Trail
2025-05-18 20:00:00+00:00,2025-05-18 22:00:00+00:00,SHORT,2394.8394362999998,2456.8317681,-0.026885798797341324,-175.13329204460948,6338.836903325893,2,0.0,SL
2025-05-21 05:00:00+00:00,2025-05-21 08:00:00+00:00,LONG,2595.694035,2538.1312722000002,-0.023176251138936625,-146.91047600024024,6191.926427325653,3,0.0012472444580704045,SL
2025-05-21 17:00:00+00:00,2025-05-21 22:00:00+00:00,SHORT,2473.5336942999998,2538.15753,-0.027126119021106964,-167.96293323757328,6023.96349408808,5,0.0,SL
2025-05-22 08:00:00+00:00,2025-05-23 11:00:00+00:00,LONG,2664.8343603,2565.8337306000003,-0.03815076297982525,-229.8188034620743,5794.144690626005,27,0.021924679661299087,SL
2025-05-23 12:00:00+00:00,2025-05-26 00:00:00+00:00,SHORT,2548.39022,2574.7058381999996,-0.011326369169631853,-65.62662178829248,5728.518068837713,60,0.027411508430604622,Trail
2025-05-26 06:00:00+00:00,2025-05-26 17:00:00+00:00,LONG,2585.9315828999997,2533.213256,-0.02138658998119302,-122.51346713808782,5606.004601699626,11,0.0,SL
2025-05-27 08:00:00+00:00,2025-05-29 13:00:00+00:00,LONG,2637.3063558,2660.8737188,0.00793614916908324,44.49008876165531,5650.494690461281,53,0.050720555807186,Trail
2025-05-30 16:00:00+00:00,2025-06-02 04:00:00+00:00,SHORT,2541.34163,2493.2840570999997,0.017910315847617934,101.20214460144966,5751.69683506273,60,0.02185248505924019,Time
2025-06-02 09:00:00+00:00,2025-06-02 15:00:00+00:00,SHORT,2482.9033200000003,2545.8145611,-0.026337773159850475,-151.4868865261121,5600.209948536618,6,0.00015498791149073736,SL
2025-06-04 15:00:00+00:00,2025-06-04 20:00:00+00:00,LONG,2670.073908,2605.3788200000004,-0.025229699337595824,-141.29161322899185,5458.918335307626,5,0.0,SL
2025-06-05 16:00:00+00:00,2025-06-05 20:00:00+00:00,SHORT,2558.7096557,2399.3572755,0.061278414373828236,334.51385978386935,5793.4321950914955,4,0.0624659211895903,TP
2025-06-09 16:00:00+00:00,2025-06-10 11:00:00+00:00,LONG,2560.847067,2773.030283,0.08185665268116532,474.23096702548577,6267.663162116981,19,0.08307326733463223,TP
2025-06-11 12:00:00+00:00,2025-06-11 22:00:00+00:00,LONG,2806.41117,2758.253239,-0.018159969827229464,-113.82057391128198,6153.842588205699,10,0.022464217173137915,Trail
2025-06-12 20:00:00+00:00,2025-06-13 02:00:00+00:00,SHORT,2641.4356072,2478.1590327,0.06081357366991738,374.2371595909223,6528.079747796622,6,0.062001173435230254,TP
2025-06-15 04:00:00+00:00,2025-06-16 22:00:00+00:00,LONG,2545.2134408999996,2571.8975176,0.009484023175111284,61.912459617077786,6589.992207413699,42,0.04941061408803934,Trail
2025-06-17 15:00:00+00:00,2025-06-20 03:00:00+00:00,SHORT,2499.6164767,2518.4365866,-0.008529199009300083,-56.20735500676819,6533.784852406931,60,0.014897276060990415,Time
2025-06-20 08:00:00+00:00,2025-06-20 14:00:00+00:00,LONG,2554.845867,2490.0973808999997,-0.02634340209573209,-172.12212157395933,6361.662730832972,6,0.0,SL
2025-06-20 16:00:00+00:00,2025-06-21 21:00:00+00:00,SHORT,2481.5036,2282.6984484,0.07911479475588915,503.30164125603983,6864.964372089012,29,0.08029873500888728,TP
2025-06-22 13:00:00+00:00,2025-06-23 01:00:00+00:00,SHORT,2200.4943131,2247.3938889,-0.022313200184520893,-153.1793242940259,6711.785047794986,12,0.011047432822379402,SL
2025-06-23 13:00:00+00:00,2025-06-23 16:00:00+00:00,LONG,2295.5525187,2222.00551,-0.033038913551692764,-221.75008597164262,6490.034961823343,3,0.0,SL
2025-06-23 20:00:00+00:00,2025-06-26 02:00:00+00:00,LONG,2347.9194899999998,2494.416017,0.06139418669334367,398.4504180925099,6888.485379915853,54,0.06260670803495064,TP
2025-06-26 13:00:00+00:00,2025-06-29 01:00:00+00:00,SHORT,2433.9581110000004,2431.0731174,0.000185309470595321,1.2765015789558154,6889.761881494808,60,0.01595019685201164,Time
2025-06-30 19:00:00+00:00,2025-07-01 04:00:00+00:00,LONG,2516.358171,2461.9575099999997,-0.02261880674497992,-155.8381925164603,6733.923688978348,9,0.0,SL
2025-07-01 12:00:00+00:00,2025-07-02 15:00:00+00:00,SHORT,2437.5124,2501.4606921,-0.02723506329649847,-183.39883790311578,6550.524851075232,27,0.015467572595733307,SL
2025-07-02 16:00:00+00:00,2025-07-04 13:00:00+00:00,LONG,2562.6159207,2525.969705,-0.01530031531607353,-100.22509570722664,6450.299755368005,45,0.02428342023372794,Trail
2025-07-04 14:00:00+00:00,2025-07-06 21:00:00+00:00,SHORT,2517.1964599999997,2588.647626,-0.029385216305286038,-189.54345354542244,6260.756301822583,55,0.013326913704621838,SL
2025-07-07 14:00:00+00:00,2025-07-08 12:00:00+00:00,SHORT,2530.863726,2583.456588,-0.021780598125337378,-136.3630169706711,6124.393284851912,22,0.00260927758857919,SL
2025-07-08 17:00:00+00:00,2025-07-09 22:00:00+00:00,LONG,2617.1397954431295,2780.5782731000004,0.06144927303518296,376.33951513570616,6500.732799987618,29,0.06266180539626211,TP
2025-07-10 17:00:00+00:00,2025-07-11 05:00:00+00:00,LONG,2833.9811829,3006.443591,0.059855170507349724,389.10247016597987,6889.835270153598,12,0.06106738398414651,TP
2025-07-12 15:00:00+00:00,2025-07-13 12:00:00+00:00,SHORT,2915.66675,2988.607602,-0.026016868611613512,-179.25193897924683,6710.583331174351,21,0.0,SL
2025-07-14 03:00:00+00:00,2025-07-15 01:00:00+00:00,LONG,3039.45777,2976.524576,-0.021705401674325678,-145.65590667217373,6564.927424502177,22,0.008764632383755697,SL
2025-07-15 17:00:00+00:00,2025-07-16 16:00:00+00:00,LONG,3095.427311923551,3288.94208,0.06151633412002028,403.85026891936013,6968.777693421537,23,0.06272887989599951,TP
2025-07-16 17:00:00+00:00,2025-07-18 00:00:00+00:00,LONG,3319.7308134,3540.4792625,0.06549588822351352,456.42628486285133,7425.2039782843885,31,0.06670923006952742,TP
2025-07-18 05:00:00+00:00,2025-07-18 14:00:00+00:00,LONG,3672.4963524,3587.13243,-0.02424411359706702,-180.01748873092066,7245.186489553468,9,0.0,SL
2025-07-20 03:00:00+00:00,2025-07-22 04:00:00+00:00,LONG,3660.0768689999995,3656.1181300999997,-0.0020815999340148953,-15.08157971858011,7230.104909834888,49,0.05017425523365434,Trail
2025-07-23 13:00:00+00:00,2025-07-24 14:00:00+00:00,SHORT,3590.341788,3737.372325,-0.04195168250872934,-303.3150656821984,6926.7898441526895,25,0.012010496645229247,SL
2025-07-26 02:00:00+00:00,2025-07-28 14:00:00+00:00,LONG,3743.458542,3782.5238439,0.009435617614487829,65.35854026534253,6992.148384418032,60,0.049979973305658766,Trail
2025-07-30 18:00:00+00:00,2025-07-31 00:00:00+00:00,SHORT,3738.5796345,3845.353917,-0.02956011986869984,-206.68874438313296,6785.459640034899,6,0.0,SL
2025-07-31 02:00:00+00:00,2025-07-31 14:00:00+00:00,LONG,3863.8791213,3768.8175857,-0.02560261633858164,-173.72551984474381,6611.734120190155,12,0.0025650074417093833,SL
2025-08-01 08:00:00+00:00,2025-08-02 18:00:00+00:00,SHORT,3608.2227111,3381.621189,0.06180142337192891,408.6145795844997,7020.348699774655,34,0.06298882560680749,TP
2025-08-03 09:00:00+00:00,2025-08-04 16:00:00+00:00,LONG,3464.967855,3685.5847356000004,0.0626706860877936,439.97006959042733,7460.3187693650825,31,0.06388346278034959,TP
2025-08-05 14:00:00+00:00,2025-08-06 15:00:00+00:00,SHORT,3576.619533,3667.3868307,-0.026377957275725627,-196.78796976160612,7263.530799603476,25,0.002010986333222576,SL
2025-08-07 10:00:00+00:00,2025-08-08 18:00:00+00:00,LONG,3823.3395149999997,4056.4865403999997,0.05997994292301297,435.6661627797633,7699.196962383239,32,0.061192181359284836,TP
2025-08-08 19:00:00+00:00,2025-08-10 00:00:00+00:00,LONG,4063.567551,4311.102607,0.059915698556329895,461.30276432396494,8160.499726707204,29,0.06112792414115821,TP
2025-08-10 19:00:00+00:00,2025-08-12 19:00:00+00:00,LONG,4252.4968293,4514.951829,0.06071785899795767,495.48807175908007,8655.987798466283,48,0.06193024504696704,TP
2025-08-12 20:00:00+00:00,2025-08-14 12:00:00+00:00,LONG,4620.457406699999,4568.78606,-0.012183166979328027,-105.45734471974073,8550.530453746544,40,0.03412964982023901,Trail
2025-08-15 13:00:00+00:00,2025-08-17 10:00:00+00:00,SHORT,4542.8212539999995,4573.2594690000005,-0.007700288938993557,-65.84155507551208,8484.688898671031,45,0.034178376237736785,Trail
2025-08-18 02:00:00+00:00,2025-08-20 08:00:00+00:00,SHORT,4324.8648539999995,4240.7324769,0.018453180605675353,156.56949663014524,8641.258395301176,54,0.05747343845209534,Trail
2025-08-20 15:00:00+00:00,2025-08-22 14:00:00+00:00,LONG,4257.631356,4615.1212911,0.08296451106463534,716.9177777493375,9358.176173050513,47,0.0841813473341021,TP
2025-08-22 16:00:00+00:00,2025-08-25 00:00:00+00:00,LONG,4746.5016104999995,4699.4669186,-0.010909338658171182,-102.09151309463641,9256.084659955877,56,0.039470836602173924,Trail
2025-08-25 07:00:00+00:00,2025-08-26 12:00:00+00:00,SHORT,4589.8783407,4500.4314063,0.01848786607410566,171.1252535638481,9427.209913519726,29,0.056445579047850754,Trail
2025-08-27 19:00:00+00:00,2025-08-29 14:00:00+00:00,SHORT,4565.28676,4282.65636,0.06090857548672365,574.1979266468057,10001.407840166532,43,0.0620961562554725,TP
2025-09-01 17:00:00+00:00,2025-09-02 06:00:00+00:00,SHORT,4325.2817706,4414.662756,-0.021664777496704278,-216.67827551100163,9784.72956465553,13,0.014583274326483875,SL
2025-09-03 13:00:00+00:00,2025-09-04 15:00:00+00:00,LONG,4421.974218,4306.33856,-0.027150233424992832,-265.65769168082613,9519.071872974704,26,0.013499803268188068,SL
2025-09-04 18:00:00+00:00,2025-09-05 07:00:00+00:00,SHORT,4274.949839000001,4419.473718,-0.034807152000128856,-331.3317815827818,9187.740091391923,13,0.0,SL
2025-09-06 15:00:00+00:00,2025-09-08 15:00:00+00:00,SHORT,4271.760477,4371.204066,-0.024279298906252893,-223.07188795186778,8964.668203440055,48,0.0035739309547435155,SL
2025-09-08 19:00:00+00:00,2025-09-10 13:00:00+00:00,SHORT,4291.0706142,4418.6030439,-0.030720422049912148,-275.3983907471062,8689.269812692948,42,0.0015591946163410215,SL
2025-09-11 04:00:00+00:00,2025-09-12 22:00:00+00:00,LONG,4412.9804196,4697.6502820000005,0.06350739303887597,551.8328732155312,9241.10268590848,42,0.06472033710629714,TP
2025-09-15 08:00:00+00:00,2025-09-17 20:00:00+00:00,SHORT,4510.2042787,4506.1310459999995,-9.68850969263489e-05,-0.8953251294305862,9240.20736077905,60,0.01392736887698255,Time
2025-09-17 22:00:00+00:00,2025-09-19 14:00:00+00:00,LONG,4589.7862737,4495.2992603,-0.021586364541944087,-199.46248453293163,9040.744876246119,40,0.007494406982979473,SL
2025-09-19 15:00:00+00:00,2025-09-22 03:00:00+00:00,SHORT,4473.3091592,4308.856599,0.03576306607643698,323.324756389399,9364.069632635517,60,0.04063382447559401,Time
2025-09-22 05:00:00+00:00,2025-09-24 17:00:00+00:00,SHORT,4227.0544199999995,4186.2565839,0.008651599446405894,81.01417964981569,9445.083812285333,60,0.02119038722950712,Time
2025-09-25 01:00:00+00:00,2025-09-25 17:00:00+00:00,SHORT,4103.2216915,3841.5821628,0.06276441449459033,592.815155330422,10037.898967615754,16,0.06395162416975639,TP
2025-09-26 17:00:00+00:00,2025-09-29 05:00:00+00:00,LONG,4048.5505482,4114.886858,0.015385199841334164,154.43508160389027,10192.334049219644,60,0.02378862525078743,Time
2025-09-29 13:00:00+00:00,2025-10-02 01:00:00+00:00,LONG,4170.768987,4395.7116818,0.05293314650155185,539.5123114200986,10731.846360639742,60,0.054143975296611156,Time
2025-10-02 06:00:00+00:00,2025-10-04 18:00:00+00:00,LONG,4405.715967,4455.5727072,0.01031637640134777,110.71376653779377,10842.560127177536,60,0.03016740842930511,Time
2025-10-05 02:00:00+00:00,2025-10-07 14:00:00+00:00,LONG,4550.405979562869,4596.265563000001,0.009078130092809257,98.43017137362415,10940.99029855116,60,0.043767308088906505,Time
2025-10-07 15:00:00+00:00,2025-10-10 03:00:00+00:00,SHORT,4514.720375299999,4352.4173094,0.034949749355011765,382.38486862997837,11323.375167181139,60,0.05227718566829661,Time
2025-10-10 14:00:00+00:00,2025-10-10 19:00:00+00:00,SHORT,4280.073814,3998.904621,0.0646926037304085,732.5386225811975,12055.913789762337,5,0.06587942784483956,TP
2025-10-11 19:00:00+00:00,2025-10-12 06:00:00+00:00,SHORT,3764.9563581,3837.912429,-0.02037766708584567,-245.6713976234329,11810.242392138904,11,0.016963372752673945,Trail
2025-10-12 14:00:00+00:00,2025-10-13 17:00:00+00:00,LONG,3977.8684145999996,4239.761877999999,0.06483763868074928,765.7482289535702,12575.990621092475,27,0.06605084885051947,TP
2025-10-14 10:00:00+00:00,2025-10-14 15:00:00+00:00,SHORT,3944.51094,4091.5221408,-0.038269816977615,-481.2808593814118,12094.709761711063,5,2.4829440579548202e-05,SL
2025-10-15 14:00:00+00:00,2025-10-17 07:00:00+00:00,SHORT,4012.14741,3759.58901745,0.06194843303127788,749.2483177061007,12843.958079417163,41,0.06313580587010385,TP
2025-10-17 08:00:00+00:00,2025-10-17 13:00:00+00:00,SHORT,3709.6454224999998,3790.1248734,-0.022694647798916504,-291.4891049564206,12552.468974460742,5,0.0,SL
2025-10-18 07:00:00+00:00,2025-10-20 19:00:00+00:00,LONG,3894.42873,3981.75349,0.02142299604234893,268.9114931615802,12821.380467622323,60,0.04680475177164166,Time
2025-10-21 04:00:00+00:00,2025-10-21 14:00:00+00:00,SHORT,3851.3605738,4022.0692529999997,-0.04532425267093789,-581.119487904742,12240.260979717581,10,0.0,SL
2025-10-22 21:00:00+00:00,2025-10-23 01:00:00+00:00,SHORT,3745.1143273,3823.669581,-0.02197539536440104,-268.98457439274466,11971.276405324836,4,0.0,SL
2025-10-23 06:00:00+00:00,2025-10-25 19:00:00+00:00,LONG,3894.833811,3956.818478,0.014914585835457145,178.54662950720012,12149.823034832036,60,0.02316239751878855,Time
2025-10-26 09:00:00+00:00,2025-10-27 05:00:00+00:00,LONG,3989.617764,4233.64685125,0.06016603185698055,731.0066397703804,12880.829674602417,20,0.061378307518484256,TP
2025-10-28 13:00:00+00:00,2025-10-28 19:00:00+00:00,LONG,4159.1996736,4039.2424899,-0.029841410154317318,-384.3821214477124,12496.447553154705,6,0.0,SL
2025-10-28 20:00:00+00:00,2025-10-30 18:00:00+00:00,SHORT,3979.6089190000002,3723.4800471,0.06336031205909566,791.7788165980045,13288.226369752709,46,0.06454740257857997,TP
2025-10-30 19:00:00+00:00,2025-10-30 21:00:00+00:00,SHORT,3688.717109,3773.6960882999997,-0.024037543077689977,-319.4163137890266,12968.810055963682,2,0.0,SL
2025-11-03 01:00:00+00:00,2025-11-03 15:00:00+00:00,SHORT,3836.8429779,3589.26771,0.06352577531215621,823.8537136811809,13792.663769644863,14,0.06471283274560707,TP
2025-11-04 05:00:00+00:00,2025-11-04 19:00:00+00:00,SHORT,3492.591342,3228.9456600000003,0.07448712579955764,1027.375881320538,14820.039650965402,14,0.07567199140127742,TP
2025-11-04 20:00:00+00:00,2025-11-04 23:00:00+00:00,SHORT,3211.95748,3286.3021289999997,-0.024146212072520854,-357.8478203353785,14462.191830630023,3,0.0,SL
2025-11-06 15:00:00+00:00,2025-11-07 05:00:00+00:00,SHORT,3297.29041,3364.7908236,-0.021471479671698004,-310.5246578995695,14151.667172730453,14,0.006761736828634447,SL
2025-11-07 12:00:00+00:00,2025-11-07 14:00:00+00:00,SHORT,3220.5387634,3286.7152115999997,-0.021548253898405437,-304.94371732372525,13846.723455406727,2,0.0,SL
2025-11-07 17:00:00+00:00,2025-11-10 00:00:00+00:00,LONG,3384.161697,3632.7488049,0.07245603731652893,1003.2787113966062,14850.002166803333,55,0.07367077147082314,TP
2025-11-11 20:00:00+00:00,2025-11-12 10:00:00+00:00,SHORT,3435.2523121,3535.8825350999996,-0.03029340085022271,-449.85706826564916,14400.145098537683,14,0.00548789736159882,SL
2025-11-12 11:00:00+00:00,2025-11-12 15:00:00+00:00,LONG,3549.394737,3427.6493330000003,-0.03530032808999451,-508.3298465219066,13891.815252015776,4,0.0077713990817809935,SL
2025-11-12 16:00:00+00:00,2025-11-13 04:00:00+00:00,SHORT,3398.055253,3483.316524,-0.02609119618485493,-362.45407710410353,13529.361174911674,12,0.0,SL
2025-11-13 15:00:00+00:00,2025-11-13 20:00:00+00:00,SHORT,3384.527959,3169.8838499999997,0.0624192157961725,844.4921147611697,14373.853289672843,5,0.06360649449727297,TP
2025-11-15 17:00:00+00:00,2025-11-16 15:00:00+00:00,LONG,3212.6919099,3101.6325494000002,-0.03556894206312388,-511.26275488421595,13862.590534788627,22,0.010663359905265861,SL
2025-11-16 16:00:00+00:00,2025-11-17 00:00:00+00:00,SHORT,3060.58776,3134.696814,-0.025213994112032918,-349.53127612168373,13513.059258666945,8,0.001039101064692257,SL
2025-11-17 04:00:00+00:00,2025-11-17 13:00:00+00:00,LONG,3182.531379,3116.7015349999997,-0.02168474310556054,-293.027218594409,13220.032040072536,9,0.006085916741561239,SL
2025-11-17 18:00:00+00:00,2025-11-18 15:00:00+00:00,SHORT,3022.1754440000004,3105.2639286,-0.0284929388248975,-376.6775641809717,12843.354475891565,21,0.014066173452768104,SL
2025-11-19 04:00:00+00:00,2025-11-19 21:00:00+00:00,SHORT,3045.485781,2988.8026409999998,0.017612183433471134,226.19951493049476,13069.55399082206,17,0.055242674928778455,Trail
2025-11-20 15:00:00+00:00,2025-11-21 07:00:00+00:00,SHORT,2952.5218775000003,2716.903272,0.07880249267433252,1029.9134326185488,14099.467423440608,16,0.07998649537525744,TP
2025-11-23 01:00:00+00:00,2025-11-25 08:00:00+00:00,LONG,2806.991286,2870.630759,0.021671774336245724,305.5604762620528,14405.027899702662,55,0.0590643849971682,Trail
