entry_time,exit_time,side,entry_price,exit_price,pnl_pct,pnl_dollars,capital,bars_held,exit_reason
2025-08-29 14:25:00+00:00,2025-08-29 16:05:00+00:00,LONG,108661.2519048,108349.53575800001,-0.003868696442712468,-38.68696442712468,9961.313035572875,20,Time
2025-08-31 01:00:00+00:00,2025-08-31 02:55:00+00:00,SHORT,109225.820466,109276.1023503,-0.0014603479661262921,-14.54698323144617,9946.766052341429,20,Time
2025-09-01 05:15:00+00:00,2025-09-01 07:00:00+00:00,LONG,107365.34264712356,108107.6311486,0.005913669562031,58.821887644374755,10005.587939985804,20,Time
2025-09-01 08:00:00+00:00,2025-09-01 09:40:00+00:00,SHORT,109660.38353600001,109869.56451899999,-0.002907534665254135,-29.091593781757435,9976.496346204047,20,Time
2025-09-01 13:15:00+00:00,2025-09-01 14:55:00+00:00,SHORT,109302.1866897,109193.37530819999,-4.4903510584169345e-06,-0.044797970927470024,9976.451548233119,20,Time
2025-09-01 18:45:00+00:00,2025-09-01 20:30:00+00:00,SHORT,109212.968037,109108.04874629999,-3.931472071645151e-05,-0.3922214063599953,9976.059326826758,20,Time
2025-09-01 23:45:00+00:00,2025-09-02 01:25:00+00:00,SHORT,109212.60311,109216.2898902,-0.001033757827347928,-10.312829415194463,9965.746497411565,20,Time
2025-09-02 02:40:00+00:00,2025-09-02 04:20:00+00:00,SHORT,109620.47151999999,110370.66972,-0.007843595813790507,-78.16728750839476,9887.57920990317,20,Time
2025-09-02 09:10:00+00:00,2025-09-02 10:50:00+00:00,SHORT,110608.5928562,110266.24884,0.002095094217906549,20.715410031761138,9908.29461993493,20,Time
2025-09-02 13:40:00+00:00,2025-09-02 14:30:00+00:00,SHORT,110510.61195630001,111709.8880101,-0.01185213476398288,-117.43444311671533,9790.860176818214,10,SL
2025-09-03 10:30:00+00:00,2025-09-03 12:25:00+00:00,SHORT,111439.0137388,111521.189778,-0.0017374081701100716,-17.010720463609307,9773.849456354605,20,Time
2025-09-03 19:50:00+00:00,2025-09-03 21:30:00+00:00,SHORT,112160.6818763,112032.697059,0.00014108451517046367,1.3789388118988892,9775.228395166503,20,Time
2025-09-04 00:35:00+00:00,2025-09-04 02:15:00+00:00,SHORT,112083.7297698,111853.91631,0.0010503730583555633,10.267636545555185,9785.496031712059,20,Time
2025-09-04 08:05:00+00:00,2025-09-04 09:45:00+00:00,SHORT,110750.9468797,110849.88054299999,-0.0018932985774600644,-18.526865716581547,9766.969165995477,20,Time
2025-09-04 17:25:00+00:00,2025-09-04 19:10:00+00:00,SHORT,109828.2534553,110104.0789125,-0.0035114253256541246,-34.29598288435946,9732.673183111117,20,Time
2025-09-04 22:05:00+00:00,2025-09-04 23:00:00+00:00,SHORT,110530.24352920002,111697.3475025,-0.011559136902576813,-112.50130175161945,9620.171881359498,11,SL
2025-09-05 04:40:00+00:00,2025-09-05 06:45:00+00:00,SHORT,111424.55563100001,111737.9656245,-0.0038127551572912683,-36.67935995468187,9583.492521404816,20,Time
2025-09-05 06:55:00+00:00,2025-09-05 08:35:00+00:00,SHORT,111927.85995,112814.5774038,-0.008922222887099845,-85.50605631282826,9497.986465091988,20,Time
2025-09-05 12:55:00+00:00,2025-09-05 14:15:00+00:00,SHORT,113196.35620000001,111448.5562542,0.01444042586240079,137.154969391247,9635.141434483236,16,TP
2025-09-05 18:20:00+00:00,2025-09-05 20:00:00+00:00,SHORT,110916.802202,111563.098158,-0.00682685348990645,-65.77769892774413,9569.363735555491,20,Time
2025-09-06 07:35:00+00:00,2025-09-06 09:15:00+00:00,SHORT,110825.2410179,110751.6924093,-0.00033635507647465754,-3.2187040710865817,9566.145031484404,20,Time
2025-09-07 01:15:00+00:00,2025-09-07 03:10:00+00:00,SHORT,110402.160151,110650.61669819998,-0.003250468168921338,-31.09444992412507,9535.05058156028,20,Time
2025-09-07 05:20:00+00:00,2025-09-07 07:00:00+00:00,SHORT,110660.88739520001,110532.5375871,0.00015984799255804255,1.5241586944018068,9536.57474025468,20,Time
2025-09-07 07:40:00+00:00,2025-09-07 09:25:00+00:00,SHORT,110792.4535767,111207.7160958,-0.004748111948911005,-45.28072447588611,9491.294015778794,20,Time
2025-09-07 16:00:00+00:00,2025-09-07 17:45:00+00:00,SHORT,111319.711604,111072.76906179001,0.0012183181994617673,11.563416235865867,9502.85743201466,20,Time
2025-09-07 19:00:00+00:00,2025-09-07 20:50:00+00:00,SHORT,111152.7285073,111281.7158928,-0.0021604518146536803,-20.530465583391283,9482.326966431268,20,Time
2025-09-07 23:30:00+00:00,2025-09-08 01:10:00+00:00,SHORT,111427.6435133,110899.189937907,0.0037425715803631274,35.48828742027657,9517.815253851544,20,Time
2025-09-08 02:35:00+00:00,2025-09-08 04:20:00+00:00,SHORT,111172.865979,111134.117379,-0.0006514563184211594,-6.200440884686879,9511.614812966858,20,Time
2025-09-08 07:15:00+00:00,2025-09-08 09:00:00+00:00,SHORT,111390.6399155,111651.990933,-0.0033462565409288973,-31.82830328268654,9479.786509684172,20,Time
2025-09-08 09:10:00+00:00,2025-09-08 10:55:00+00:00,SHORT,111910.66339,112037.52802499999,-0.002133624188768119,-20.22630180141985,9459.560207882752,20,Time
2025-09-08 13:10:00+00:00,2025-09-08 14:50:00+00:00,SHORT,112308.1043859,112533.817263,-0.003009764819148141,-28.471051518299184,9431.089156364453,20,Time
2025-09-08 14:55:00+00:00,2025-09-08 16:35:00+00:00,SHORT,112647.72894740001,112403.871279,0.0011647810451099459,10.985153884075265,9442.074310248528,20,Time
2025-09-08 21:40:00+00:00,2025-09-08 23:25:00+00:00,SHORT,112235.4069283,112166.793873,-0.000388668360744403,-3.6698355441911352,9438.404474704337,20,Time
2025-09-09 05:55:00+00:00,2025-09-09 07:35:00+00:00,SHORT,112182.19607260001,113141.8503453,-0.009554425802815798,-90.1785352505272,9348.22593945381,20,Time
2025-09-09 19:50:00+00:00,2025-09-09 21:30:00+00:00,SHORT,111312.403066,111521.3093019,-0.0028767561398897173,-26.892566368400068,9321.33337308541,20,Time
2025-09-10 02:40:00+00:00,2025-09-10 04:45:00+00:00,SHORT,111530.6574064,111564.2458875,-0.001301159177943411,-12.128538469060294,9309.20483461635,20,Time
2025-09-10 07:20:00+00:00,2025-09-10 09:05:00+00:00,SHORT,111952.2015807,112161.15974640001,-0.002866494474870893,-26.684784223869173,9282.52005039248,20,Time
2025-09-10 12:35:00+00:00,2025-09-10 13:45:00+00:00,SHORT,112986.608158,114330.6340545,-0.012895444233714103,-119.70221965816926,9162.817830734311,14,SL
2025-09-11 06:30:00+00:00,2025-09-11 08:10:00+00:00,SHORT,114311.268173,114227.035839,-0.0002631318386519685,-2.411029103034161,9160.406801631278,20,Time
2025-09-11 10:55:00+00:00,2025-09-11 12:55:00+00:00,SHORT,114037.947848,114006.411723,-0.0007234593782586049,-6.627182209304059,9153.779619421974,20,Time
2025-09-11 14:30:00+00:00,2025-09-11 16:10:00+00:00,SHORT,114463.18628329999,114352.991025,-3.728646844359184e-05,-0.34131211491917157,9153.438307307055,20,Time
2025-09-11 22:20:00+00:00,2025-09-12 00:05:00+00:00,SHORT,115033.7226532,115739.5462806,-0.007135797495903773,-65.31708215219135,9088.121225154864,20,Time
2025-09-12 16:30:00+00:00,2025-09-12 18:15:00+00:00,SHORT,115451.20514,116180.44144200001,-0.0073164026838499294,-66.49235452287655,9021.628870631988,20,Time
2025-09-12 18:30:00+00:00,2025-09-12 20:15:00+00:00,SHORT,116502.6013187,116309.182185,0.0006602130039216763,5.956196696946465,9027.585067328935,20,Time
2025-09-13 00:50:00+00:00,2025-09-13 02:30:00+00:00,SHORT,116292.551837,116008.82212499999,0.0014397926394950989,12.997850532356066,9040.582917861291,20,Time
2025-09-13 10:20:00+00:00,2025-09-13 12:05:00+00:00,SHORT,116157.2748978,116036.1870969,4.244698411303826e-05,0.3837454794870633,9040.966663340778,20,Time
2025-09-13 19:50:00+00:00,2025-09-13 21:35:00+00:00,SHORT,115790.2858103,116020.79952,-0.0029907862571273824,-27.039598847866404,9013.927064492911,20,Time
2025-09-14 05:55:00+00:00,2025-09-14 07:45:00+00:00,SHORT,115948.65563000001,115892.98596240001,-0.0005198765583134927,-4.6861293791774195,9009.240935113734,20,Time
2025-09-14 08:45:00+00:00,2025-09-14 10:30:00+00:00,SHORT,115975.085343,116049.4057401,-0.0016408307170475362,-14.782639263616684,8994.458295850118,20,Time
2025-09-14 17:10:00+00:00,2025-09-14 18:55:00+00:00,SHORT,115543.666644,115470.6885198,-0.00036839355786713493,-3.313500492695792,8991.144795357422,20,Time
2025-09-14 19:35:00+00:00,2025-09-14 21:20:00+00:00,SHORT,115645.2603212,115979.55477270001,-0.003890688737018045,-34.98174578819554,8956.163049569226,20,Time
2025-09-15 02:00:00+00:00,2025-09-15 03:40:00+00:00,SHORT,115460.3038199,115513.54809,-0.0014611478433579135,-13.08627832463991,8943.076771244587,20,Time
2025-09-15 04:30:00+00:00,2025-09-15 06:15:00+00:00,SHORT,116009.76590550001,116557.131765,-0.005718273976570764,-51.13896317148241,8891.937808073104,20,Time
2025-09-15 18:45:00+00:00,2025-09-15 20:40:00+00:00,SHORT,115077.71985200001,115278.5701038,-0.0027453443816778667,-24.411431503622502,8867.526376569482,20,Time
2025-09-16 05:10:00+00:00,2025-09-16 06:50:00+00:00,SHORT,115826.075151,115768.42955609999,-0.0005023090023135382,-4.4542383272036,8863.072138242278,20,Time
2025-09-16 08:15:00+00:00,2025-09-16 09:55:00+00:00,SHORT,115917.0534517,115530.266433,0.0023367568203514887,20.710844268304896,8883.782982510584,20,Time
2025-09-16 12:15:00+00:00,2025-09-16 13:55:00+00:00,SHORT,115441.20714,115252.1348178,0.0006378235024058518,5.666285576518404,8889.449268087103,20,Time
2025-09-16 15:55:00+00:00,2025-09-16 17:35:00+00:00,SHORT,115931.34259330001,116504.006142,-0.005939678398351296,-52.8004697908967,8836.648798296206,20,Time
2025-09-16 19:50:00+00:00,2025-09-16 21:30:00+00:00,SHORT,116726.140102,116722.0637448,-0.0009650775979019136,-8.528051795762535,8828.120746500445,20,Time
2025-09-17 02:40:00+00:00,2025-09-17 04:20:00+00:00,SHORT,116888.537616,116369.5237509,0.0034402460299833336,30.37090735036166,8858.491653850806,20,Time
2025-09-17 05:50:00+00:00,2025-09-17 07:30:00+00:00,SHORT,116961.11859689999,117250.8749859,-0.0034773736133512133,-30.804285131192742,8827.687368719613,20,Time
2025-09-17 15:55:00+00:00,2025-09-17 17:35:00+00:00,SHORT,115878.66963,115943.5450722,-0.0015598566363174348,-13.769926725432882,8813.917441994181,20,Time
2025-09-17 17:40:00+00:00,2025-09-17 19:20:00+00:00,SHORT,116037.907776,115835.572482,0.0007436999501109441,6.554909961893053,8820.472351956074,20,Time
2025-09-17 22:50:00+00:00,2025-09-18 00:30:00+00:00,SHORT,116680.90065170001,116324.370222,0.0020556023111638244,18.13138335223752,8838.603735308312,20,Time
2025-09-18 03:00:00+00:00,2025-09-18 04:40:00+00:00,SHORT,117117.32185000001,117489.953292,-0.004181693673607496,-36.96033332346236,8801.64340198485,20,Time
2025-09-18 18:05:00+00:00,2025-09-18 19:45:00+00:00,SHORT,117771.7494383,117337.432794,0.0026877829052505023,23.656906673965754,8825.300308658816,20,Time
2025-09-19 00:35:00+00:00,2025-09-19 02:15:00+00:00,SHORT,117364.78684710001,117157.336782,0.0007675664965018296,6.774004838493762,8832.074313497309,20,Time
2025-09-19 08:15:00+00:00,2025-09-19 09:55:00+00:00,SHORT,117139.05750200001,116547.66537209999,0.0040486331588413535,35.75782892697619,8867.832142424286,20,Time
2025-09-19 14:20:00+00:00,2025-09-19 16:00:00+00:00,SHORT,116410.31477970001,115999.2147039,0.002531474651348545,22.44869228096094,8890.280834705247,20,Time
2025-09-19 16:45:00+00:00,2025-09-19 18:25:00+00:00,SHORT,116138.8390857,115471.41616529999,0.004746767624459521,42.20009723853183,8932.480931943779,20,Time
2025-09-19 22:25:00+00:00,2025-09-20 00:05:00+00:00,SHORT,115634.35450280001,115694.93436,-0.0015238915152894664,-13.61213190267407,8918.868800041106,20,Time
2025-09-20 00:40:00+00:00,2025-09-20 02:20:00+00:00,SHORT,115720.35130000001,115594.6858143,8.594110101021015e-05,0.7664974044411444,8919.635297445548,20,Time
2025-09-20 05:20:00+00:00,2025-09-20 07:00:00+00:00,SHORT,115652.784816,115751.14059899999,-0.0018504402479929281,-16.505252151811614,8903.130045293736,20,Time
2025-09-21 03:00:00+00:00,2025-09-21 04:40:00+00:00,SHORT,115736.7045287,115638.3065367,-0.00014981170061224662,-1.3337930528574429,8901.796252240878,20,Time
2025-09-21 18:05:00+00:00,2025-09-21 19:45:00+00:00,SHORT,115709.15354,115596.9827736,-3.0580010584712464e-05,-0.2722170236164798,8901.524035217262,20,Time
2025-09-22 03:45:00+00:00,2025-09-22 05:25:00+00:00,SHORT,114659.348543,114626.27067,-0.0007115117657624139,-6.333539084274002,8895.190496132987,20,Time
2025-09-22 14:00:00+00:00,2025-09-22 15:40:00+00:00,SHORT,113292.38699,112786.9413777,0.0034614261004546794,30.79004455183113,8925.980540684819,20,Time
2025-09-22 18:25:00+00:00,2025-09-22 20:05:00+00:00,SHORT,112707.09057269999,112092.138945,0.004456192902995112,39.77589113767216,8965.75643182249,20,Time
2025-09-23 05:15:00+00:00,2025-09-23 06:55:00+00:00,SHORT,112703.029885,113076.865851,-0.0043170001408254395,-38.70517177878428,8927.051260043707,20,Time
2025-09-24 00:35:00+00:00,2025-09-24 02:15:00+00:00,SHORT,112259.6995688,112158.16114679999,-9.550424248389294e-05,-0.8525712682053561,8926.198688775501,20,Time
2025-09-24 05:50:00+00:00,2025-09-24 07:30:00+00:00,SHORT,112641.2432448,112583.2586493,-0.000485227667684835,-4.331238571045969,8921.867450204456,20,Time
2025-09-24 10:05:00+00:00,2025-09-24 11:45:00+00:00,SHORT,112814.367613,113109.9304626,-0.003619904324721316,-32.296306567585454,8889.571143636871,20,Time
2025-09-24 14:40:00+00:00,2025-09-24 16:20:00+00:00,SHORT,113419.8359951,113597.4484467,-0.0025659734476046274,-22.810403515164513,8866.760740121706,20,Time
2025-09-24 17:30:00+00:00,2025-09-24 19:10:00+00:00,SHORT,113917.98684499999,113671.3852311,0.001164729387603483,10.32737680686856,8877.088116928575,20,Time
2025-09-25 00:05:00+00:00,2025-09-25 01:45:00+00:00,SHORT,113488.117836,112809.40737,0.004980453980043959,44.21192884315786,8921.300045771733,20,Time
2025-09-25 17:25:00+00:00,2025-09-25 17:55:00+00:00,LONG,110002.041009,108856.28138860001,-0.01141580328774303,-101.843806393463,8819.45623937827,6,SL
2025-09-25 18:00:00+00:00,2025-09-25 19:40:00+00:00,LONG,108834.252498,109585.5625032,0.005903249555683769,52.06345112648222,8871.519690504752,20,Time
2025-09-25 23:55:00+00:00,2025-09-26 01:35:00+00:00,LONG,109053.55134899999,109600.5949961,0.0040162845715068065,35.63054765879308,8907.150238163546,20,Time
2025-09-26 03:05:00+00:00,2025-09-26 04:45:00+00:00,LONG,109502.621145,109303.4294411,-0.0028190587751888863,-25.109780040820723,8882.040458122725,20,Time
2025-09-26 07:30:00+00:00,2025-09-26 09:10:00+00:00,LONG,109082.7826941,109747.5655961,0.0050942972445454735,45.24775423175601,8927.28821235448,20,Time
2025-09-26 10:00:00+00:00,2025-09-26 11:40:00+00:00,LONG,109428.3087855,109070.771482,-0.0042673200149775554,-38.09559566805348,8889.192616686427,20,Time
2025-09-26 19:05:00+00:00,2025-09-26 20:45:00+00:00,LONG,109646.2003551,109276.0969087,-0.004375433395789188,-38.89407023665247,8850.298546449774,20,Time
2025-09-27 01:40:00+00:00,2025-09-27 03:20:00+00:00,LONG,109424.635551,109562.53311,0.00026020578734972395,2.302898901559081,8852.601445351333,20,Time
2025-09-27 07:30:00+00:00,2025-09-27 09:10:00+00:00,LONG,109497.4931196,109187.1966923,-0.0038338222041400622,-33.939299985590345,8818.662145365743,20,Time
2025-09-27 12:05:00+00:00,2025-09-27 13:45:00+00:00,LONG,109345.519731,109389.9341367,-0.0005938159532345539,-5.236662268103835,8813.425483097639,20,Time
2025-09-27 15:00:00+00:00,2025-09-27 16:40:00+00:00,LONG,109322.16006,109402.4976235,-0.0002651301121756115,-2.3367044869850697,8811.088778610654,20,Time
2025-09-27 20:00:00+00:00,2025-09-27 22:00:00+00:00,LONG,109478.8503918,109553.27496200001,-0.0003201922569185217,-2.821242401932806,8808.267536208721,20,Time
2025-09-28 01:35:00+00:00,2025-09-28 03:15:00+00:00,LONG,109562.998218,109475.88244360001,-0.0017951203948128823,-15.811900697216494,8792.455635511506,20,Time
2025-09-28 11:50:00+00:00,2025-09-28 13:30:00+00:00,LONG,109319.7975876,109576.6962768,0.001349974065714291,11.869587081883997,8804.32522259339,20,Time
2025-09-29 12:25:00+00:00,2025-09-29 14:05:00+00:00,SHORT,112365.832338,113586.61828109999,-0.011864387489497991,-104.45792602440864,8699.867296568982,20,SL
2025-09-29 14:15:00+00:00,2025-09-29 15:55:00+00:00,SHORT,113696.6316249,113914.063257,-0.0029123841136942663,-25.337355305775787,8674.529941263207,20,Time
2025-09-29 17:55:00+00:00,2025-09-29 19:35:00+00:00,SHORT,114122.400954,114096.8523075,-0.0007761294339548859,-6.732558013137322,8667.79738325007,20,Time
2025-09-29 19:50:00+00:00,2025-09-29 21:30:00+00:00,SHORT,114332.8053647,114192.56894699999,0.00022656325323851755,1.9638043735614454,8669.761187623631,20,Time
2025-09-29 23:05:00+00:00,2025-09-30 00:45:00+00:00,SHORT,114341.7290796,114580.006419,-0.003083905336380886,-26.736722791660405,8643.024464831971,20,Time
2025-09-30 01:20:00+00:00,2025-09-30 03:00:00+00:00,SHORT,114772.8783325,114570.4800141,0.0007634681759364976,6.598674122739788,8649.62313895471,20,Time
2025-09-30 13:30:00+00:00,2025-09-30 15:10:00+00:00,SHORT,113298.6802311,113292.198909,-0.0009427943724782367,-8.154816019464041,8641.468322935247,20,Time
2025-09-30 19:00:00+00:00,2025-09-30 20:40:00+00:00,SHORT,113898.31578,114403.5991446,-0.0054362672190515215,-46.97733096844501,8594.490991966803,20,Time
2025-10-01 08:20:00+00:00,2025-10-01 08:45:00+00:00,SHORT,114687.062999,116268.233997,-0.014786829627102652,-127.08527402988157,8467.405717936921,5,SL
2025-10-01 08:50:00+00:00,2025-10-01 10:30:00+00:00,SHORT,116125.47026,116349.20518799999,-0.002926665420592552,-24.781263516813638,8442.624454420107,20,Time
2025-10-01 11:30:00+00:00,2025-10-01 13:10:00+00:00,SHORT,116501.1396111,116598.925122,-0.0018393523979801226,-15.52896153548325,8427.095492884624,20,Time
2025-10-01 13:55:00+00:00,2025-10-01 15:35:00+00:00,SHORT,116847.1838884,117583.67003159999,-0.007302985820380593,-61.542958891529615,8365.552533993094,20,Time
2025-10-01 15:40:00+00:00,2025-10-01 17:20:00+00:00,SHORT,117562.28284,117661.92768,-0.0018475919112221416,-15.456127194709529,8350.096406798384,20,Time
2025-10-01 22:05:00+00:00,2025-10-01 23:45:00+00:00,SHORT,117883.72053959999,118476.030468,-0.006024526929492646,-50.30538066661664,8299.791026131768,20,Time
2025-10-02 00:00:00+00:00,2025-10-02 01:40:00+00:00,SHORT,119113.07261999999,118806.2449977,0.001575935752063423,13.079937412736218,8312.870963544505,20,Time
2025-10-02 03:15:00+00:00,2025-10-02 04:55:00+00:00,SHORT,118883.0026432,118743.278907,0.0001753045691430769,1.457284262606164,8314.32824780711,20,Time
2025-10-02 08:55:00+00:00,2025-10-02 10:35:00+00:00,SHORT,118723.3470807,118836.957639,-0.0019569352708930783,-16.270602201916383,8298.057645605195,20,Time
2025-10-02 12:40:00+00:00,2025-10-02 14:20:00+00:00,SHORT,119260.378153,119756.2224552,-0.005157661663321887,-42.79857379877299,8255.259071806422,20,Time
2025-10-02 15:50:00+00:00,2025-10-02 17:30:00+00:00,SHORT,119907.608681,119614.923201,0.0014409250023378847,11.895209197342512,8267.154281003764,20,Time
2025-10-02 18:55:00+00:00,2025-10-02 20:35:00+00:00,SHORT,120594.77622,120572.844747,-0.0008181391127589574,-6.763682268501836,8260.390598735263,20,Time
2025-10-03 03:00:00+00:00,2025-10-03 04:40:00+00:00,SHORT,120431.2574303,120141.9275808,0.0014024481324331935,11.584769368364977,8271.975368103627,20,Time
2025-10-03 09:25:00+00:00,2025-10-03 11:05:00+00:00,SHORT,120351.90530390001,120488.662914,-0.0021363144584596377,-17.671540578901762,8254.303827524725,20,Time
2025-10-03 15:20:00+00:00,2025-10-03 16:00:00+00:00,SHORT,121448.65541,122860.48468349999,-0.012624906580758537,-104.20981471169728,8150.094012813028,8,SL
2025-10-04 03:25:00+00:00,2025-10-04 05:05:00+00:00,SHORT,122141.22686800001,122637.112518,-0.005059936703729803,-41.238959834281154,8108.855052978746,20,Time
2025-10-04 13:00:00+00:00,2025-10-04 14:40:00+00:00,SHORT,122286.81124529999,122338.842876,-0.00142548849029705,-11.55907954750828,8097.295973431238,20,Time
2025-10-04 19:40:00+00:00,2025-10-04 21:20:00+00:00,SHORT,121929.42673650001,122296.56942300001,-0.004011108116610953,-32.47912960163123,8064.816843829607,20,Time
2025-10-04 21:40:00+00:00,2025-10-04 23:20:00+00:00,SHORT,122342.7220609,122289.673044,-0.0005663900883813547,-4.567832324956089,8060.249011504651,20,Time
2025-10-05 00:20:00+00:00,2025-10-05 02:00:00+00:00,SHORT,122417.6100803,122418.768858,-0.001009465776200294,-8.136545524766195,8052.112465979885,20,Time
2025-10-05 02:30:00+00:00,2025-10-05 04:10:00+00:00,SHORT,124168.2553812,123996.3638139,0.0003843439031360242,3.094780333664946,8055.20724631355,20,Time
2025-10-05 04:45:00+00:00,2025-10-05 06:25:00+00:00,SHORT,125248.2173456,125019.2948592,0.0008277504562666017,6.667701473458077,8061.874947787008,20,Time
2025-10-05 16:55:00+00:00,2025-10-05 18:35:00+00:00,SHORT,123263.937281,123066.25833,0.0006037046630221453,4.866991498680431,8066.741939285688,20,Time
2025-10-05 22:05:00+00:00,2025-10-05 23:45:00+00:00,SHORT,122995.376004,123568.973853,-0.005663572466182335,-45.68657753913672,8021.055361746551,20,Time
2025-10-06 00:15:00+00:00,2025-10-06 01:55:00+00:00,SHORT,124350.984828,124091.848407,0.0010839112883459317,8.694112451044747,8029.749474197596,20,Time
2025-10-06 11:25:00+00:00,2025-10-06 13:05:00+00:00,SHORT,124376.32725850001,124741.18424819999,-0.003933492230733551,-31.584957171493063,7998.164517026103,20,Time
2025-10-06 13:35:00+00:00,2025-10-06 15:15:00+00:00,SHORT,124826.244757,125108.77175100001,-0.0032633621202817677,-26.100907116644702,7972.063609909458,20,Time
2025-10-06 17:00:00+00:00,2025-10-06 18:40:00+00:00,SHORT,125450.3364137,125550.10850070001,-0.0017953114344068754,-14.312336954689403,7957.751272954769,20,Time
2025-10-06 18:50:00+00:00,2025-10-06 20:30:00+00:00,SHORT,125970.86606613167,125401.215228,0.0035220840018089115,28.02786844884849,7985.779141403617,20,Time
2025-10-07 01:05:00+00:00,2025-10-07 02:45:00+00:00,SHORT,125009.5945797,124508.106642,0.0030115955850115103,24.049937205128142,8009.8290786087455,20,Time
2025-10-07 10:10:00+00:00,2025-10-07 11:50:00+00:00,SHORT,124432.728476,124613.5782321,-0.0024533938001277387,-19.651265001541574,7990.1778136072035,20,Time
2025-10-07 12:45:00+00:00,2025-10-07 14:10:00+00:00,SHORT,124961.847631,122912.452575,0.015400166089506416,123.05006541424017,8113.227879021443,17,TP
2025-10-07 19:30:00+00:00,2025-10-07 21:10:00+00:00,SHORT,121524.54023000001,122079.68055389999,-0.005568133504963743,-45.175535986585224,8068.052343034858,20,Time
2025-10-08 00:50:00+00:00,2025-10-08 02:30:00+00:00,SHORT,122018.196479,122188.59783299999,-0.002396524116215026,-19.335282010968182,8048.717061023889,20,Time
2025-10-08 08:30:00+00:00,2025-10-08 10:10:00+00:00,SHORT,122382.66357100001,122612.26004849999,-0.00287605393444288,-23.148544370575287,8025.568516653314,20,Time
2025-10-08 10:40:00+00:00,2025-10-08 12:20:00+00:00,SHORT,122992.2676258,122727.230538,0.00115490853950561,9.268797614270284,8034.837314267585,20,Time
2025-10-08 14:15:00+00:00,2025-10-08 15:55:00+00:00,SHORT,123085.5734609,122243.188749,0.005843894765356958,46.9547437213431,8081.792057988928,20,Time
2025-10-08 17:00:00+00:00,2025-10-08 18:40:00+00:00,SHORT,123070.0290704,123641.02776089999,-0.005639624243310715,-45.57827041963035,8036.213787569298,20,Time
2025-10-09 10:35:00+00:00,2025-10-09 12:15:00+00:00,SHORT,122130.1235891,123204.66100499999,-0.009798299586719593,-78.74123023353054,7957.472557335767,20,Time
2025-10-09 12:20:00+00:00,2025-10-09 14:00:00+00:00,SHORT,123089.85210500001,122233.98190799999,0.005953214926848218,47.37254440831635,8004.845101744084,20,Time
2025-10-09 19:50:00+00:00,2025-10-09 21:30:00+00:00,SHORT,121095.6430266,121429.4545347,-0.0037565938770123567,-30.07095209564418,7974.77414964844,20,Time
2025-10-10 06:00:00+00:00,2025-10-10 07:40:00+00:00,SHORT,121663.9213482,121177.9572453,0.0029943156320696275,23.878990898517095,7998.653140546957,20,Time
2025-10-10 08:50:00+00:00,2025-10-10 10:30:00+00:00,SHORT,121483.8523692,121379.781102,-0.00014333250740414033,-1.146467010490597,7997.506673536466,20,Time
2025-10-10 12:00:00+00:00,2025-10-10 13:40:00+00:00,SHORT,121710.977935,122322.219552,-0.006022074650705931,-48.16158220755546,7949.345091328911,20,Time
2025-10-10 21:15:00+00:00,2025-10-10 21:20:00+00:00,LONG,111750.20557199999,108602.580139,-0.02916661872690693,-231.85551740739947,7717.489573921512,1,SL
2025-10-11 00:05:00+00:00,2025-10-11 01:15:00+00:00,LONG,113030.6356068,111811.51822299999,-0.011785725279303546,-90.95621196412831,7626.533361957383,14,SL
2025-10-11 07:10:00+00:00,2025-10-11 08:00:00+00:00,LONG,111574.29739739999,110428.2444331,-0.011271657460840048,-85.96367166965247,7540.569690287731,10,SL
2025-10-11 13:30:00+00:00,2025-10-11 15:10:00+00:00,LONG,112147.9886127,112355.17447,0.0008474326634203171,6.390125056347047,7546.9598153440775,20,Time
2025-10-11 19:40:00+00:00,2025-10-11 21:00:00+00:00,LONG,111242.399031,110069.58168,-0.011542898761767631,-87.11379310764522,7459.846022236432,16,SL
2025-10-12 00:20:00+00:00,2025-10-12 02:00:00+00:00,LONG,110222.62211639999,110353.8613127,0.00019067387238726175,1.4223977284725315,7461.268419964905,20,Time
2025-10-12 13:55:00+00:00,2025-10-12 15:10:00+00:00,LONG,111382.847115,113270.14144,0.015944209758360958,118.96402875135489,7580.23244871626,15,TP
2025-10-12 20:25:00+00:00,2025-10-12 22:05:00+00:00,SHORT,115309.4145038,115270.064403,-0.000658743382148512,-4.993427960739246,7575.23902075552,20,Time
2025-10-13 01:45:00+00:00,2025-10-13 03:25:00+00:00,SHORT,115764.417485,115314.5583,0.002885988413134664,21.862052040626008,7597.101072796146,20,Time
2025-10-13 06:30:00+00:00,2025-10-13 08:10:00+00:00,SHORT,115207.8593189,115441.778739,-0.0030304120003871267,-23.022346259155352,7574.07872653699,20,Time
2025-10-13 13:30:00+00:00,2025-10-13 15:10:00+00:00,SHORT,115214.4390027,114555.24396749999,0.004721462005162089,35.76072493145086,7609.8394514684405,20,Time
2025-10-13 16:05:00+00:00,2025-10-13 17:45:00+00:00,SHORT,115057.03498980001,114417.053835,0.004562294864079799,34.7183314459063,7644.557782914347,20,Time
2025-10-13 17:55:00+00:00,2025-10-13 19:35:00+00:00,SHORT,115072.23095,115620.6690099,-0.005766033085239317,-44.07877309830784,7600.479009816039,20,Time
2025-10-13 19:50:00+00:00,2025-10-13 21:30:00+00:00,SHORT,115895.096344,115784.312232,-4.410009142078895e-05,-0.3351818191746748,7600.143827996864,20,Time
2025-10-14 05:35:00+00:00,2025-10-14 07:15:00+00:00,LONG,112778.65222019999,112141.81715,-0.006646769647118759,-50.51640530966653,7549.627422687197,20,Time
2025-10-14 08:00:00+00:00,2025-10-14 09:40:00+00:00,LONG,111723.19017,111579.349666,-0.002287472222921103,-17.2695630228004,7532.357859664397,20,Time
2025-10-14 10:15:00+00:00,2025-10-14 11:55:00+00:00,LONG,110713.2957315,111383.833777,0.005056526825162803,38.0875695741189,7570.445429238516,20,Time
2025-10-14 12:45:00+00:00,2025-10-14 14:25:00+00:00,LONG,110930.28162000001,111898.65729170002,0.007729588148142004,58.51642526599784,7628.961854504514,20,Time
2025-10-14 19:40:00+00:00,2025-10-14 21:20:00+00:00,LONG,112201.18224929999,112959.663548,0.005760011645997929,43.94290912881996,7672.904763633334,20,Time
2025-10-15 03:20:00+00:00,2025-10-15 05:00:00+00:00,LONG,112291.1927478,112467.5044995,0.0005701298328533492,4.37455191038994,7677.279315543724,20,Time
2025-10-15 12:25:00+00:00,2025-10-15 14:05:00+00:00,LONG,111625.595655,112122.0601022,0.0034475860960637063,26.468081423866032,7703.74739696759,20,Time
2025-10-15 15:10:00+00:00,2025-10-15 16:50:00+00:00,LONG,110933.347233,110826.4267807,-0.0019638260718431405,-15.128819989058682,7688.618576978532,20,Time
2025-10-16 07:55:00+00:00,2025-10-16 09:35:00+00:00,LONG,110643.569289,109832.549096,-0.008330025578636446,-64.04638941061052,7624.572187567921,20,Time
2025-10-16 13:45:00+00:00,2025-10-16 15:25:00+00:00,LONG,111168.404235,110090.272541,-0.010698184492429368,-81.56907993844739,7543.003107629474,20,Time
2025-10-16 15:40:00+00:00,2025-10-16 16:15:00+00:00,LONG,109308.95742,108118.1909032216,-0.01189358589528115,-89.71335536896379,7453.28975226051,7,SL
2025-10-16 18:10:00+00:00,2025-10-16 19:50:00+00:00,LONG,107969.77963799999,108394.691725,0.002935472392595829,21.878926301778133,7475.168678562288,20,Time
2025-10-16 20:30:00+00:00,2025-10-16 22:10:00+00:00,LONG,107544.3311663052,108099.0553641,0.004158097984141825,31.082483813449958,7506.251162375738,20,Time
2025-10-17 02:10:00+00:00,2025-10-17 03:50:00+00:00,LONG,108546.5169624,109093.2714811,0.004037052629605795,30.30313099355053,7536.554293369289,20,Time
2025-10-17 05:50:00+00:00,2025-10-17 06:40:00+00:00,LONG,108451.87103699999,107025.8410499,-0.01414896620468149,-106.63445199662925,7429.919841372659,10,SL
2025-10-17 06:50:00+00:00,2025-10-17 07:40:00+00:00,LONG,106919.13132868065,105717.177335,-0.012241711176886775,-90.9549327655045,7338.964908607155,10,SL
2025-10-17 08:00:00+00:00,2025-10-17 09:40:00+00:00,LONG,105149.1281205,105021.82243380001,-0.0022107155710705652,-16.224363998998307,7322.740544608157,20,Time
2025-10-17 10:15:00+00:00,2025-10-17 11:10:00+00:00,LONG,104247.7108731,105818.347097,0.01406638573399396,103.00449313041534,7425.745037738572,11,TP
2025-10-17 19:30:00+00:00,2025-10-17 21:10:00+00:00,LONG,106379.3176092,107402.51520000001,0.008618388365291722,63.99795463686885,7489.742992375441,20,Time
2025-10-17 23:05:00+00:00,2025-10-18 00:45:00+00:00,LONG,106901.8831014,106828.35105580001,-0.0016878461208231696,-12.641533655643405,7477.101458719797,20,Time
2025-10-18 04:45:00+00:00,2025-10-18 06:25:00+00:00,LONG,106541.51404200001,106856.329459,0.001954861490666319,14.616697703456289,7491.718156423253,20,Time
2025-10-18 13:30:00+00:00,2025-10-18 15:10:00+00:00,LONG,107023.19035799999,107079.62979,-0.00047264296820885316,-3.540907906436044,7488.177248516818,20,Time
2025-10-18 16:40:00+00:00,2025-10-18 18:20:00+00:00,LONG,106640.1727698,106775.65359740001,0.0002704483130617993,2.0251649047691194,7490.202413421587,20,Time
2025-10-19 00:40:00+00:00,2025-10-19 02:20:00+00:00,LONG,106897.035132,106989.20237910001,-0.00013779416813390144,-1.0321062107119685,7489.170307210875,20,Time
2025-10-19 06:05:00+00:00,2025-10-19 07:45:00+00:00,LONG,106874.8947048,106741.8638567,-0.0022447343079723373,-16.81119752684398,7472.359109684031,20,Time
2025-10-19 08:35:00+00:00,2025-10-19 10:15:00+00:00,LONG,106534.1300655,107521.926313,0.008272110701919529,61.81218175980315,7534.171291443834,20,Time
2025-10-19 19:50:00+00:00,2025-10-19 21:30:00+00:00,LONG,108994.40952300001,108685.45856,-0.0038345578856025216,-28.890215937086086,7505.281075506748,20,Time
2025-10-19 23:30:00+00:00,2025-10-20 00:20:00+00:00,LONG,108823.5098499,107693.05133115,-0.011387999066646937,-85.47013388279376,7419.810941623954,10,SL
2025-10-20 00:25:00+00:00,2025-10-20 02:05:00+00:00,LONG,107662.69573349999,107925.96049000001,0.0014452736828333554,10.723657485528078,7430.534599109482,20,Time
2025-10-20 09:25:00+00:00,2025-10-20 11:05:00+00:00,LONG,110864.9890641,110683.353901,-0.0026383455645765845,-19.604318001993352,7410.930281107489,20,Time
2025-10-20 11:10:00+00:00,2025-10-20 12:50:00+00:00,LONG,110742.55908299999,110828.909784,-0.00022025730924911217,-1.632311562749502,7409.297969544739,20,Time
2025-10-20 13:20:00+00:00,2025-10-20 15:00:00+00:00,LONG,110646.97497000001,111299.18071100001,0.004894474215646945,36.26461786798199,7445.562587412721,20,Time
2025-10-20 16:00:00+00:00,2025-10-20 17:40:00+00:00,LONG,110921.22981,109946.72625600001,-0.0097855458839507,-72.85889433095387,7372.703693081767,20,Time
2025-10-21 00:15:00+00:00,2025-10-21 01:55:00+00:00,LONG,110453.48628,109888.277948,-0.006117161540444178,-45.100019480410545,7327.603673601356,20,Time
2025-10-21 02:00:00+00:00,2025-10-21 03:40:00+00:00,LONG,109669.26046620001,109507.8580472,-0.002471719771920497,-18.11178288083774,7309.491890720518,20,Time
2025-10-21 04:00:00+00:00,2025-10-21 05:40:00+00:00,LONG,108722.43513900001,107729.3603179,-0.01013403769728273,-74.07466636854414,7235.417224351974,20,Time
2025-10-21 08:45:00+00:00,2025-10-21 10:25:00+00:00,LONG,107639.4975948,107670.06168000001,-0.000716051394860064,-5.1809305958917635,7230.236293756083,20,Time
2025-10-21 13:30:00+00:00,2025-10-21 14:15:00+00:00,LONG,108463.44535139999,110207.094172,0.015075912165162478,109.0024072980366,7339.23870105412,9,TP
2025-10-21 17:15:00+00:00,2025-10-21 18:55:00+00:00,LONG,111990.3400893,112049.165684,-0.0004747261714439583,-3.4841286898647517,7335.754572364255,20,Time
2025-10-21 21:20:00+00:00,2025-10-21 22:30:00+00:00,LONG,110369.2149291,109084.318772,-0.012641798466405691,-92.73713090284298,7243.017441461412,14,SL
2025-10-21 23:35:00+00:00,2025-10-22 01:15:00+00:00,LONG,108413.82542939999,108186.84530259999,-0.003093645583494445,-22.40732891895033,7220.610112542462,20,Time
2025-10-22 03:20:00+00:00,2025-10-22 05:00:00+00:00,LONG,108051.2919372,108647.96606,0.004522137793102863,32.652593879188984,7253.262706421651,20,Time
2025-10-22 05:30:00+00:00,2025-10-22 07:10:00+00:00,LONG,108048.70542,107659.16386,-0.004605240418992499,-33.40301858518391,7219.859687836467,20,Time
2025-10-22 10:50:00+00:00,2025-10-22 12:30:00+00:00,LONG,107790.4262745,108073.0455671,0.0016219331564778527,11.710129812819805,7231.569817649287,20,Time
2025-10-22 17:00:00+00:00,2025-10-22 18:40:00+00:00,LONG,108122.02007999999,107928.10506100001,-0.002793483130046031,-20.201268289353337,7211.368549359933,20,Time
2025-10-23 12:30:00+00:00,2025-10-23 14:10:00+00:00,LONG,108996.489939,108936.9137589,-0.0015465880610774374,-11.153016502469391,7200.215532857464,20,Time
2025-10-23 20:05:00+00:00,2025-10-23 21:45:00+00:00,LONG,110070.434685,109621.6177907,-0.005077542671512395,-36.55940161217013,7163.656131245293,20,Time
2025-10-24 14:00:00+00:00,2025-10-24 15:40:00+00:00,LONG,110506.69141890001,110120.12157,-0.0044981578394617545,-32.22325598596928,7131.432875259324,20,Time
2025-10-25 00:35:00+00:00,2025-10-25 02:15:00+00:00,LONG,110812.513071,111006.28430200001,0.0007486403442169675,5.338878362494339,7136.771753621818,20,Time
2025-10-25 15:15:00+00:00,2025-10-25 16:55:00+00:00,LONG,111517.47903599999,111372.076129,-0.002303857550017403,-16.442105487332565,7120.329648134485,20,Time
2025-10-25 20:55:00+00:00,2025-10-25 22:35:00+00:00,LONG,111473.120166,111555.6844,-0.00025933504079678974,-1.8465509797855482,7118.4830971547,20,Time
2025-10-26 03:35:00+00:00,2025-10-26 05:15:00+00:00,LONG,111381.63887339999,111473.4433515,-0.00017576649950038718,-1.2511908557395561,7117.23190629896,20,Time
2025-10-26 22:00:00+00:00,2025-10-26 23:40:00+00:00,SHORT,114761.36313600001,114676.566102075,-0.00026110119636234513,-1.8583177655229126,7115.373588533437,20,Time
2025-10-27 00:25:00+00:00,2025-10-27 02:05:00+00:00,SHORT,114881.389126,115376.9377734,-0.005313567682024603,-37.8080191455627,7077.565569387874,20,Time
2025-10-27 04:35:00+00:00,2025-10-27 06:15:00+00:00,SHORT,115216.9729958,115713.7751274,-0.005311883212017022,-37.59520172998114,7039.970367657893,20,Time
2025-10-27 07:05:00+00:00,2025-10-27 08:45:00+00:00,SHORT,115926.9234773,115078.06101,0.006322392778466338,44.50945781309727,7084.47982547099,20,Time
2025-10-27 16:25:00+00:00,2025-10-27 18:05:00+00:00,SHORT,115345.031379,115789.598289,-0.004854235459343311,-34.38973317980359,7050.090092291187,20,Time
2025-10-28 13:25:00+00:00,2025-10-28 15:05:00+00:00,SHORT,115045.43631,115356.136614,-0.0037006747417845324,-26.090090331847378,7024.00000195934,20,Time
2025-10-29 15:40:00+00:00,2025-10-29 17:20:00+00:00,LONG,111769.884507,111126.20331340001,-0.006758985941867676,-47.47511726892171,6976.524884690418,20,Time
2025-10-29 18:40:00+00:00,2025-10-29 20:20:00+00:00,LONG,109854.64503569998,111075.3214918,0.010111741844901753,70.54481860852248,7047.06970329894,20,Time
2025-10-29 23:55:00+00:00,2025-10-30 01:35:00+00:00,LONG,110079.3944766,110585.1330491,0.003594307362469168,25.329334518400795,7072.399037817341,20,Time
2025-10-30 04:15:00+00:00,2025-10-30 04:25:00+00:00,LONG,109999.54551,108353.33799740001,-0.01596558467553239,-112.91498569742654,6959.484052119915,2,SL
2025-10-30 04:30:00+00:00,2025-10-30 05:45:00+00:00,LONG,108321.549978,110250.89541,0.016811279772047667,116.99783346929186,7076.481885589206,15,TP
2025-10-30 09:30:00+00:00,2025-10-30 11:10:00+00:00,LONG,110277.35106,109994.8301333,-0.00356191252314619,-25.20580944809736,7051.276076141109,20,Time
2025-10-30 11:50:00+00:00,2025-10-30 12:40:00+00:00,LONG,109774.45200029999,108496.2899013,-0.012643529762248331,-89.15301893051974,6962.12305721059,10,SL
2025-10-30 12:50:00+00:00,2025-10-30 14:30:00+00:00,LONG,108402.6651978,107919.6322559,-0.0054559138930636505,-37.98474391305403,6924.138313297535,20,Time
2025-10-30 17:20:00+00:00,2025-10-30 19:00:00+00:00,LONG,106998.590439,107089.52781,-0.00015010683199760298,-1.039360466522319,6923.098952831013,20,Time
2025-10-30 19:40:00+00:00,2025-10-30 21:20:00+00:00,LONG,106758.357402,107644.46680000001,0.007300140799875353,50.539597127136005,6973.638549958149,20,Time
2025-10-31 02:40:00+00:00,2025-10-31 04:20:00+00:00,LONG,108821.12987399999,109780.12608270001,0.00781259190940586,54.482192114523855,7028.120742072673,20,Time
2025-10-31 06:05:00+00:00,2025-10-31 07:45:00+00:00,LONG,109614.1509465,109373.7973647,-0.0031927240208000636,-22.438849914298594,7005.6818921583745,20,Time
2025-10-31 08:10:00+00:00,2025-10-31 09:50:00+00:00,LONG,109179.91661700001,109770.59149,0.004410105551482208,30.895796604526026,7036.577688762901,20,Time
2025-10-31 16:15:00+00:00,2025-10-31 17:15:00+00:00,LONG,109822.300068,108645.7665,-0.011713066173914682,-82.41990010637149,6954.157788656529,12,SL
2025-11-01 00:10:00+00:00,2025-11-01 01:50:00+00:00,LONG,109434.6405516,109682.7560606,0.001267248357096035,8.812645032661582,6962.970433689191,20,Time
2025-11-01 14:05:00+00:00,2025-11-01 15:45:00+00:00,LONG,109829.51151,110070.43600910001,0.0011936226045954849,8.311158904781445,6971.281592593972,20,Time
2025-11-01 21:50:00+00:00,2025-11-01 23:30:00+00:00,LONG,110023.55181029999,109997.04619000001,-0.0012409086042385214,-8.650723310819483,6962.630869283153,20,Time
2025-11-02 10:40:00+00:00,2025-11-02 12:20:00+00:00,LONG,110391.97398,111009.17372400001,0.004590983852791979,31.965325893829935,6994.596195176982,20,Time
2025-11-02 13:25:00+00:00,2025-11-02 15:05:00+00:00,LONG,110413.3022448,110357.5515745,-0.0015049271162671154,-10.526357481460634,6984.0698376955215,20,Time
2025-11-02 15:45:00+00:00,2025-11-02 17:25:00+00:00,LONG,110212.79815199999,110135.6979541,-0.0016995575758239258,-11.8698288027388,6972.2000088927825,20,Time
2025-11-02 22:35:00+00:00,2025-11-03 00:15:00+00:00,LONG,109600.5192207,110586.2708215,0.007994041340397526,55.73605510460891,7027.936063997391,20,Time
2025-11-03 00:50:00+00:00,2025-11-03 02:30:00+00:00,LONG,110072.80265849999,108952.76008899999,-0.01117547061988532,-78.54049300163533,6949.395570995755,20,Time
2025-11-03 03:10:00+00:00,2025-11-03 04:50:00+00:00,LONG,108304.5169660399,107945.35661,-0.004316208465732904,-29.995039995258626,6919.400531000497,20,Time
2025-11-03 08:30:00+00:00,2025-11-03 10:10:00+00:00,LONG,107309.106404775,107468.761948,0.0004878098287648977,3.3753515881830944,6922.77588258868,20,Time
2025-11-03 15:15:00+00:00,2025-11-03 15:30:00+00:00,LONG,107550.1347258,105891.80590230001,-0.01641912362757998,-113.66591306225264,6809.109969526427,3,SL
2025-11-03 15:40:00+00:00,2025-11-03 17:20:00+00:00,LONG,106102.36522980001,107238.59799000001,0.009708835356677582,66.108527619644,6875.218497146071,20,Time
2025-11-03 19:05:00+00:00,2025-11-03 20:45:00+00:00,LONG,106679.061546,106571.2894784,-0.0020102457411807217,-13.820878703574811,6861.397618442496,20,Time
2025-11-03 20:50:00+00:00,2025-11-03 22:30:00+00:00,LONG,106480.71338429999,106239.67531450001,-0.003263678201798362,-22.39339384118197,6839.0042246013145,20,Time
2025-11-04 00:25:00+00:00,2025-11-04 02:05:00+00:00,LONG,105858.79752600001,106846.281469,0.008328312488694655,56.957364293982636,6895.961588895297,20,Time
2025-11-04 03:00:00+00:00,2025-11-04 04:40:00+00:00,LONG,106508.412423,106799.240879,0.0017305679371594864,11.933930021625589,6907.895518916922,20,Time
2025-11-04 05:20:00+00:00,2025-11-04 05:45:00+00:00,LONG,105740.7544221,104563.38314,-0.012134508057320244,-83.8239138334238,6824.071605083498,5,SL
2025-11-04 05:50:00+00:00,2025-11-04 07:30:00+00:00,LONG,104530.86926192619,104448.386144,-0.0017890790396040946,-12.208803473412358,6811.862801610086,20,Time
2025-11-04 08:10:00+00:00,2025-11-04 09:50:00+00:00,LONG,103892.7799011,103596.22661,-0.0038544167494825566,-26.25575807770309,6785.607043532383,20,Time
2025-11-04 14:30:00+00:00,2025-11-04 16:10:00+00:00,LONG,103434.2842203,103019.77993471254,-0.00500741677396471,-33.97836253131714,6751.628681001065,20,Time
2025-11-04 16:40:00+00:00,2025-11-04 17:05:00+00:00,LONG,102634.1802315,101385.63981580001,-0.013164957257745899,-88.88490300555034,6662.743777995514,5,SL
2025-11-04 18:15:00+00:00,2025-11-04 19:55:00+00:00,LONG,100347.84005489999,100441.572667,-6.592297304329616e-05,-0.43922787847118755,6662.304550117044,20,Time
2025-11-04 20:15:00+00:00,2025-11-04 21:30:00+00:00,LONG,100154.8544655,99076.514895729,-0.0117667229464395,-78.39349182603051,6583.911058291013,15,SL
2025-11-05 01:25:00+00:00,2025-11-05 01:50:00+00:00,LONG,99112.6905744,100605.0769596,0.014057470204380449,92.55313353021687,6676.46419182123,5,TP
2025-11-05 08:10:00+00:00,2025-11-05 09:50:00+00:00,LONG,101725.8471012,101887.2604716,0.0005867488450544273,3.917407653598347,6680.381599474828,20,Time
2025-11-06 00:40:00+00:00,2025-11-06 02:20:00+00:00,LONG,103432.057275,102860.378809,-0.006527091706974825,-43.603463337359365,6636.778136137469,20,Time
2025-11-06 05:25:00+00:00,2025-11-06 07:05:00+00:00,LONG,103496.990259,103471.36208790001,-0.001247622380475567,-8.280192936896025,6628.497943200573,20,Time
2025-11-06 09:25:00+00:00,2025-11-06 11:05:00+00:00,LONG,102969.18972000001,102802.9582954,-0.0026143802340489308,-17.329414004137572,6611.168529196435,20,Time
2025-11-06 12:40:00+00:00,2025-11-06 14:20:00+00:00,LONG,102418.32957,102735.8207256,0.0020999446772172214,13.88308816307206,6625.051617359507,20,Time
2025-11-06 14:50:00+00:00,2025-11-06 16:30:00+00:00,LONG,102169.43756017223,101447.28448439999,-0.008068190772283806,-53.45218032508388,6571.599437034423,20,Time
2025-11-06 16:40:00+00:00,2025-11-06 18:20:00+00:00,LONG,100552.5509889,101221.96655699999,0.005657370315487017,37.17797158034974,6608.777408614773,20,Time
2025-11-06 20:10:00+00:00,2025-11-06 21:50:00+00:00,LONG,101275.17298440001,101109.129129,-0.002639531688833457,-17.444077394485348,6591.333331220288,20,Time
2025-11-07 04:05:00+00:00,2025-11-07 05:45:00+00:00,LONG,101575.185975,102236.333643,0.00550894863399737,36.31131675124734,6627.644647971535,20,Time
2025-11-07 06:35:00+00:00,2025-11-07 08:15:00+00:00,LONG,102058.98571559999,101782.23398110001,-0.003711684155584131,-24.59972362871791,6603.0449243428175,20,Time
2025-11-07 08:50:00+00:00,2025-11-07 10:30:00+00:00,LONG,101507.84751,100658.52426800001,-0.009367069766860418,-61.85118248003274,6541.193741862785,20,Time
2025-11-07 11:05:00+00:00,2025-11-07 12:45:00+00:00,LONG,100396.9433736,99305.45493600001,-0.011871729765101702,-77.6552844445694,6463.538457418215,20,SL
2025-11-07 23:25:00+00:00,2025-11-08 01:05:00+00:00,LONG,103422.835431,102917.01497949999,-0.005890800463863475,-38.07541534315863,6425.463042075056,20,Time
2025-11-08 04:25:00+00:00,2025-11-08 06:05:00+00:00,LONG,102434.937891,102126.730568,-0.004008810561567924,-25.758464106034847,6399.704577969022,20,Time
2025-11-08 12:00:00+00:00,2025-11-08 13:40:00+00:00,LONG,101968.56713550001,101920.7992625,-0.0014684568425535334,-9.397689977839782,6390.306887991182,20,Time
2025-11-08 14:15:00+00:00,2025-11-08 15:55:00+00:00,LONG,101498.585658,101672.206491,0.0007105739146457115,4.540785381187348,6394.847673372369,20,Time
2025-11-09 03:00:00+00:00,2025-11-09 04:40:00+00:00,LONG,101671.2511842,101851.700585,0.0007748321054206338,4.954933286603355,6399.802606658973,20,Time
2025-11-09 09:45:00+00:00,2025-11-09 11:25:00+00:00,LONG,101799.90591,102101.68438295406,0.0019644278180458888,12.571950270523477,6412.374556929496,20,Time
2025-11-10 08:50:00+00:00,2025-11-10 10:30:00+00:00,LONG,105966.5945811,106105.4016746,0.0003099136954313052,1.9872826954276985,6414.361839624924,20,Time
2025-11-10 14:40:00+00:00,2025-11-10 16:20:00+00:00,LONG,105648.48997289999,105080.7926374,-0.006373454326186908,-40.88164221648569,6373.4801974084385,20,Time
2025-11-10 16:40:00+00:00,2025-11-10 18:20:00+00:00,LONG,104974.46119409999,105978.35009,0.008563172646762207,54.577211291128535,6428.057408699567,20,Time
2025-11-11 05:05:00+00:00,2025-11-11 06:45:00+00:00,LONG,105591.0079788,104921.46151,-0.0073409421087677704,-47.18799730909929,6380.869411390468,20,Time
2025-11-11 14:50:00+00:00,2025-11-11 16:30:00+00:00,LONG,103949.70578399999,103435.1333351,-0.005950205919478296,-37.967486943073546,6342.901924447394,20,Time
2025-11-11 17:40:00+00:00,2025-11-11 19:20:00+00:00,LONG,102985.74853109999,103284.4614755,0.0019005270016539777,12.05485637625525,6354.956780823649,20,Time
2025-11-11 20:50:00+00:00,2025-11-11 22:30:00+00:00,LONG,102810.3224529,102933.929096,0.0002022785275927377,1.2854713005404919,6356.24225212419,20,Time
2025-11-12 04:35:00+00:00,2025-11-12 06:15:00+00:00,LONG,103134.37275,103612.133428,0.0036324097898777982,23.08847658345081,6379.33072870764,20,Time
2025-11-12 14:45:00+00:00,2025-11-12 15:40:00+00:00,LONG,103919.95183440001,102733.13926200001,-0.012420449600392663,-79.23415580014945,6300.096572907491,11,SL
2025-11-12 15:45:00+00:00,2025-11-12 16:10:00+00:00,LONG,102599.9963961,101482.719396,-0.011889639759699564,-74.90587870318787,6225.190694204302,5,SL
2025-11-12 19:20:00+00:00,2025-11-12 21:00:00+00:00,LONG,101169.2122965,101517.197499,0.002439635385122384,15.187195496715393,6240.377889701018,20,Time
2025-11-13 13:45:00+00:00,2025-11-13 15:25:00+00:00,LONG,102565.22394299999,102148.8281476,-0.005059814617393143,-31.575155264366185,6208.802734436652,20,Time
2025-11-13 15:45:00+00:00,2025-11-13 17:25:00+00:00,LONG,101295.41003099999,100253.24084089999,-0.011288414744370555,-70.08754033230292,6138.715194104349,20,SL
2025-11-13 17:40:00+00:00,2025-11-13 18:30:00+00:00,LONG,99995.89017900001,98565.99610119323,-0.015299528463091447,-93.91944783901143,6044.795746265338,10,SL
2025-11-13 18:35:00+00:00,2025-11-13 20:15:00+00:00,LONG,98436.0717777,98039.18106655798,-0.005031964136463286,-30.417195407453004,6014.378550857885,20,Time
2025-11-13 20:50:00+00:00,2025-11-13 22:30:00+00:00,LONG,98118.8308422,99422.7024818,0.01228869930887136,73.90888954121802,6088.287440399103,20,Time
2025-11-14 00:15:00+00:00,2025-11-14 01:55:00+00:00,LONG,99182.7295794,99212.358559,-0.0007012687619543049,-4.2695257957506225,6084.017914603352,20,Time
2025-11-14 03:50:00+00:00,2025-11-14 04:30:00+00:00,LONG,98981.6948805,97782.37661260001,-0.013116566293878047,-79.80142431003654,6004.2164902933155,8,SL
2025-11-14 04:35:00+00:00,2025-11-14 06:15:00+00:00,LONG,96895.87179929999,96898.8788475,-0.0009689661887118985,-5.817882768800645,5998.398607524515,20,Time
2025-11-14 06:45:00+00:00,2025-11-14 08:25:00+00:00,LONG,96568.6633707,96872.54427556648,0.002146785864685429,12.87727734138239,6011.275884865897,20,Time
2025-11-14 11:25:00+00:00,2025-11-14 12:30:00+00:00,LONG,96502.9447296,95153.77093890001,-0.014980648927142678,-90.05281363537495,5921.223071230522,13,SL
2025-11-14 20:30:00+00:00,2025-11-14 22:10:00+00:00,LONG,94945.300263,94634.6657807,-0.004271720468938787,-25.29380979452801,5895.929261435994,20,Time
2025-11-14 23:05:00+00:00,2025-11-15 00:45:00+00:00,LONG,94320.5683416,94735.7230652,0.003401529071542931,20.055174786535172,5915.9844362225285,20,Time
2025-11-15 08:40:00+00:00,2025-11-15 10:20:00+00:00,LONG,95862.14909610001,95765.703028,-0.002006091236316016,-11.868004531687962,5904.116431690841,20,Time
2025-11-15 20:30:00+00:00,2025-11-15 22:10:00+00:00,LONG,95639.5403147733,95479.045371,-0.0026781233289607286,-15.811951952611613,5888.304479738229,20,Time
2025-11-16 00:05:00+00:00,2025-11-16 01:45:00+00:00,LONG,95394.580101,94928.5219977,-0.005885582627509461,-34.656102551433456,5853.648377186795,20,Time
2025-11-16 06:55:00+00:00,2025-11-16 08:35:00+00:00,LONG,95778.356841,95842.812603,-0.0003270320756598521,-1.9143307789743222,5851.734046407821,20,Time
2025-11-16 13:35:00+00:00,2025-11-16 15:15:00+00:00,LONG,95308.2953475,95455.1556499,0.0005408973779726326,3.1651876022951737,5854.899234010116,20,Time
2025-11-16 15:50:00+00:00,2025-11-16 17:30:00+00:00,LONG,94681.72995356731,94268.33256200001,-0.005366179111535364,-31.418437969689485,5823.480796040426,20,Time
2025-11-16 21:40:00+00:00,2025-11-16 23:20:00+00:00,LONG,93456.0844794,94250.5886115,0.007501363357194048,43.684045454740875,5867.164841495167,20,Time
2025-11-17 12:00:00+00:00,2025-11-17 13:30:00+00:00,LONG,95369.5495959,94156.14000500001,-0.013723239189462978,-80.51650648384582,5786.648335011321,18,SL
2025-11-17 17:50:00+00:00,2025-11-17 19:30:00+00:00,LONG,92650.3383624,92152.35584199999,-0.006374859166214365,-36.889068180106015,5749.759266831215,20,Time
2025-11-17 19:45:00+00:00,2025-11-17 21:25:00+00:00,LONG,91848.26197919999,91647.576818,-0.0031849641667191864,-18.312777232119004,5731.446489599097,20,Time
2025-11-18 02:05:00+00:00,2025-11-18 03:00:00+00:00,LONG,91413.2284899,90248.7656362,-0.013738450144867749,-78.74119185533446,5652.7052977437625,11,SL
2025-11-18 03:25:00+00:00,2025-11-18 05:05:00+00:00,LONG,89948.59949705888,89830.640278,-0.002311406955955226,-13.065702345169889,5639.639595398593,20,Time
2025-11-18 06:40:00+00:00,2025-11-18 08:15:00+00:00,LONG,89372.78198219999,90973.2497104,0.01690777564156812,95.35376097830343,5734.993356376896,19,TP
2025-11-18 12:10:00+00:00,2025-11-18 13:50:00+00:00,LONG,91029.80232,91338.5496358,0.002391716865589169,13.716480334488457,5748.709836711385,20,Time
2025-11-18 20:30:00+00:00,2025-11-18 22:10:00+00:00,LONG,92844.86526,93002.71573600001,0.0007001529977771748,4.024976425524609,5752.73481313691,20,Time
2025-11-19 00:10:00+00:00,2025-11-19 01:50:00+00:00,LONG,92499.12412559999,92275.956117,-0.0034126499651712275,-19.632070259690984,5733.102742877219,20,Time
2025-11-19 03:15:00+00:00,2025-11-19 04:55:00+00:00,LONG,92125.98701309999,91165.24164915853,-0.011428603210566907,-65.52135641375652,5667.581386463462,20,SL
2025-11-19 05:10:00+00:00,2025-11-19 06:50:00+00:00,LONG,90862.2063075,91001.451069,0.0005324827247619305,3.0178891794740643,5670.599275642936,20,Time
2025-11-19 09:10:00+00:00,2025-11-19 10:50:00+00:00,LONG,91328.6975871,91252.275894,-0.0018367763377673718,-10.415622570461743,5660.183653072474,20,Time
2025-11-19 15:55:00+00:00,2025-11-19 17:35:00+00:00,LONG,89907.42788999999,88975.5283346,-0.011365100829490372,-64.32855793060182,5595.855095141872,20,SL
2025-11-20 06:20:00+00:00,2025-11-20 08:00:00+00:00,LONG,92337.153738,92093.047706,-0.0036436382552209622,-20.389271695332063,5575.46582344654,20,Time
2025-11-20 09:00:00+00:00,2025-11-20 10:40:00+00:00,LONG,91937.4123057,91676.3375647,-0.003839700775261032,-21.408120444729068,5554.05770300181,20,Time
2025-11-20 11:25:00+00:00,2025-11-20 13:05:00+00:00,LONG,91504.412223,91659.7163896,0.0006972314539490086,3.872463727580643,5557.930166729391,20,Time
2025-11-20 15:30:00+00:00,2025-11-20 16:00:00+00:00,LONG,90229.88236799999,89266.8360614,-0.011673252378543917,-64.87912153855486,5493.051045190837,6,SL
2025-11-20 16:05:00+00:00,2025-11-20 16:45:00+00:00,LONG,88859.193285,87941.7623286671,-0.011324547437544304,-62.20631713811595,5430.844728052721,8,SL
2025-11-20 17:15:00+00:00,2025-11-20 18:55:00+00:00,LONG,86870.62065,86367.7654915,-0.006788552616954223,-36.86757519089434,5393.977152861827,20,Time
2025-11-20 23:25:00+00:00,2025-11-21 01:05:00+00:00,LONG,87196.965906,87094.8940367,-0.0021705896901278634,-11.708111196787128,5382.269041665039,20,Time
2025-11-21 02:15:00+00:00,2025-11-21 02:55:00+00:00,LONG,86332.92263189999,85343.957794,-0.01245524566701698,-67.03748315991811,5315.231558505121,8,SL
2025-11-21 03:00:00+00:00,2025-11-21 04:40:00+00:00,LONG,85601.746926,85746.182333,0.0006872950866862219,3.6531325347601196,5318.884691039882,20,Time
2025-11-21 07:35:00+00:00,2025-11-21 09:15:00+00:00,LONG,83981.34291,83530.685521,-0.006366160785056205,-33.86087514033388,5285.023815899548,20,Time
2025-11-21 09:30:00+00:00,2025-11-21 10:00:00+00:00,LONG,82786.35896099999,81816.68339,-0.012712987298508827,-67.18844064384761,5217.8353752557005,6,SL
2025-11-21 10:05:00+00:00,2025-11-21 11:45:00+00:00,LONG,81975.19676099998,82168.11309,0.0013533499963710354,7.061557486166962,5224.896932741867,20,Time
2025-11-21 12:00:00+00:00,2025-11-21 12:20:00+00:00,LONG,82134.3495852,80993.04065149999,-0.014895634889226274,-77.8281570439611,5147.068775697906,4,SL
2025-11-21 15:55:00+00:00,2025-11-21 16:50:00+00:00,LONG,82868.6314122,84298.8793515,0.01625921998380479,83.68732349584505,5230.756099193751,11,TP
2025-11-21 18:10:00+00:00,2025-11-21 19:50:00+00:00,LONG,83623.4318421,84105.18065873804,0.004760930949924255,24.903268604156594,5255.659367797907,20,Time
2025-11-21 20:15:00+00:00,2025-11-21 21:35:00+00:00,LONG,83786.1698832,85198.966798,0.01586193457427964,83.36492503671029,5339.024292834618,16,TP
2025-11-22 01:10:00+00:00,2025-11-22 02:50:00+00:00,LONG,84706.9024929,84413.783866,-0.004460386559697086,-23.814112197655767,5315.210180636962,20,Time
2025-11-22 04:10:00+00:00,2025-11-22 05:50:00+00:00,LONG,84092.920221,84161.4048519,-0.00018560765020369803,-0.9865436719667998,5314.223636964995,20,Time
2025-11-22 08:30:00+00:00,2025-11-22 10:10:00+00:00,LONG,84032.8062006,84103.7213909,-0.00015610112875778673,-0.8295563082015465,5313.394080656793,20,Time
2025-11-22 15:40:00+00:00,2025-11-22 17:20:00+00:00,LONG,84086.308899,84576.3423478,0.004827743603166244,25.65170428399222,5339.045784940786,20,Time
2025-11-22 20:45:00+00:00,2025-11-22 22:25:00+00:00,LONG,84309.223473,84556.11539400001,0.001928409381911449,10.295865982134588,5349.34165092292,20,Time
2025-11-23 06:20:00+00:00,2025-11-23 08:00:00+00:00,LONG,86113.51875989999,85807.73502,-0.00455093769600309,-24.344520567984517,5324.9971303549355,20,Time
2025-11-23 16:55:00+00:00,2025-11-23 18:35:00+00:00,LONG,86663.209176,87080.83035,0.0038188980995600315,20.335621421275086,5345.332751776211,20,Time
2025-11-23 23:15:00+00:00,2025-11-24 00:15:00+00:00,LONG,87098.41619999999,86032.525053,-0.013237778750791886,-70.76033231737505,5274.572419458836,12,SL
2025-11-24 04:15:00+00:00,2025-11-24 05:55:00+00:00,LONG,86766.694869,87415.1024822,0.006473001180683069,34.14231349875539,5308.714732957591,20,Time
2025-11-24 06:30:00+00:00,2025-11-24 08:10:00+00:00,LONG,86860.9382139,86875.5494144,-0.0008317862919690981,-4.415716142848516,5304.299016814743,20,Time
2025-11-24 14:25:00+00:00,2025-11-24 16:05:00+00:00,LONG,85896.3603369,86986.2562686,0.011688499575828844,61.999296808108475,5366.298313622851,20,Time
2025-11-25 00:05:00+00:00,2025-11-25 01:45:00+00:00,LONG,88124.2858329,87743.442801,-0.00532165807984138,-28.55760477953022,5337.740708843321,20,Time
2025-11-25 02:20:00+00:00,2025-11-25 04:00:00+00:00,LONG,87687.539001,87891.6061624,0.0013272082182358303,7.084293335588802,5344.82500217891,20,Time
2025-11-25 06:40:00+00:00,2025-11-25 08:20:00+00:00,LONG,87881.9543763,87468.5147976,-0.0057044877601344305,-30.48948880499007,5314.33551337392,20,Time
2025-11-25 08:45:00+00:00,2025-11-25 10:25:00+00:00,LONG,87237.3184749,87193.3708374,-0.0015037710726133018,-7.991544015173261,5306.343969358746,20,Time
2025-11-25 13:50:00+00:00,2025-11-25 15:30:00+00:00,LONG,86947.48602,86970.872346,-0.0007310293020475866,-3.8790929283447446,5302.464876430401,20,Time
2025-11-25 18:55:00+00:00,2025-11-25 19:20:00+00:00,LONG,87225.476607,86327.561034,-0.011294189357607318,-59.88704237646684,5242.577834053935,5,SL
2025-11-25 19:25:00+00:00,2025-11-25 21:05:00+00:00,LONG,86269.9100319,87071.3652434,0.008290089803080158,43.46144104394459,5286.039275097879,20,Time
2025-11-25 22:00:00+00:00,2025-11-25 23:40:00+00:00,LONG,86723.3412,87373.8382367,0.006500829969175658,34.36364253779586,5320.402917635675,20,Time
2025-11-26 08:35:00+00:00,2025-11-26 10:15:00+00:00,LONG,87471.13972980001,86810.0200229,-0.008558146709214213,-45.53278872125745,5274.870128914418,20,Time
2025-11-26 10:30:00+00:00,2025-11-26 12:20:00+00:00,LONG,86698.6492626,86448.00694,-0.003890959948416539,-20.524308404704787,5254.345820509713,20,Time
2025-11-26 12:25:00+00:00,2025-11-26 14:05:00+00:00,LONG,86513.1846771,86950.56640800001,0.004055665590539633,21.309869545036978,5275.65569005475,20,Time
