total_trades,win_rate,profit_factor,total_return,sharpe,avg_win,avg_loss,symbol,fast_ema,slow_ema,breakout_period,use_volume,volume_threshold,take_profit,stop_loss,trailing_stop
87,0.4482758620689655,1.853392070934182,1.5578318023838524,4.263578425903246,0.05708990504403148,0.02502738010792042,ETH/USD,5,13,10,True,1.5,0.06,0.02,0.035
77,0.4805194805194805,1.9249301512348411,1.4513721398036588,4.214738898871554,0.055561968110576336,0.026699576849224048,ETH/USD,9,21,20,False,1.0,0.08,0.025,0.04
84,0.44047619047619047,1.86622477730074,1.4309310083279434,4.232788551225214,0.05641500065501209,0.02379767408860696,ETH/USD,9,21,10,True,1.5,0.06,0.02,0.035
78,0.47435897435897434,1.869403574831157,1.390070545460132,4.04790425901596,0.05600817036291413,0.027037478316984546,ETH/USD,5,13,20,False,1.0,0.08,0.025,0.04
81,0.43209876543209874,1.8666426699840657,1.3251580507780774,4.243998387456261,0.05652979884444676,0.023042333790091685,ETH/USD,12,26,10,True,1.5,0.06,0.02,0.035
78,0.47435897435897434,1.8895871077927386,1.1966601317681211,4.48576576039402,0.04861581011458762,0.023218196223300035,ETH/USD,5,13,30,True,1.5,0.05,0.02,0.03
78,0.47435897435897434,1.8895871077927386,1.1966601317681211,4.48576576039402,0.04861581011458762,0.023218196223300035,ETH/USD,9,21,30,True,1.5,0.05,0.02,0.03
84,0.42857142857142855,1.7332591442445962,1.1670567059646824,3.7316575406991497,0.05597415722460069,0.02422062393719369,ETH/USD,9,21,15,True,1.5,0.06,0.02,0.035
86,0.4186046511627907,1.7009645741458148,1.1649412161181296,3.6269919157110917,0.05758754082948251,0.0243761863283068,ETH/USD,5,13,15,True,1.5,0.06,0.02,0.035
79,0.43037974683544306,1.789475230812793,1.1553655611846196,3.964843371666237,0.05606639986487688,0.0236724594833683,ETH/USD,12,26,15,True,1.5,0.06,0.02,0.035
75,0.4533333333333333,1.8400607708158447,1.138677016855121,4.142804563562457,0.05340493440954124,0.024068237028393367,ETH/USD,5,13,30,True,1.5,0.06,0.02,0.035
75,0.4533333333333333,1.8400607708158447,1.138677016855121,4.142804563562457,0.05340493440954124,0.024068237028393367,ETH/USD,9,21,30,True,1.5,0.06,0.02,0.035
94,0.4148936170212766,1.5937177115988597,1.099818419910766,3.219735347424236,0.057207568621510385,0.025453294862370024,ETH/USD,5,13,10,True,1.2,0.06,0.02,0.035
104,0.375,1.5521967273838841,1.0925505547591832,2.962394333851951,0.060089541058656055,0.02322754841518033,ETH/USD,9,21,20,False,1.0,0.06,0.02,0.035
83,0.43373493975903615,1.6987762120796517,1.0792123048240831,3.5976650769549785,0.05465736843632934,0.024644339895430523,ETH/USD,5,13,20,True,1.5,0.06,0.02,0.035
84,0.42857142857142855,1.6252943050945163,1.071066036579974,3.1853797005957,0.05980318047703506,0.02759646989298223,ETH/USD,9,21,15,False,1.0,0.08,0.025,0.04
77,0.4675324675324675,1.8276556665883124,1.0641170452092226,4.224154091687645,0.048008268165824756,0.023064301491222426,ETH/USD,12,26,30,True,1.5,0.05,0.02,0.03
73,0.4520547945205479,1.8275707580497842,1.0548157062946621,4.091456350839747,0.05253968397616893,0.02371740688529807,ETH/USD,12,26,30,True,1.5,0.06,0.02,0.035
83,0.43373493975903615,1.6876336423235576,1.0541904357252818,3.5573731805510227,0.05429886121439175,0.024644339895430523,ETH/USD,9,21,20,True,1.5,0.06,0.02,0.035
78,0.4358974358974359,1.7482561618983288,1.0527198424515745,3.8109041224475466,0.054250900557531394,0.023978837509315565,ETH/USD,12,26,20,True,1.5,0.06,0.02,0.035
82,0.45121951219512196,1.7457895346329093,1.0195144739473148,3.88898026493566,0.04829615860943796,0.022746255530165568,ETH/USD,12,26,20,True,1.5,0.05,0.02,0.03
91,0.4065934065934066,1.601698786774923,1.0185423638219042,3.197565756291726,0.05653902442586822,0.024186633742435418,ETH/USD,9,21,10,True,1.2,0.06,0.02,0.035
79,0.43037974683544306,1.7059264077283824,1.0134566945353118,3.6434488208938407,0.054878459205896235,0.02430569369551941,ETH/USD,5,13,30,True,1.2,0.06,0.02,0.035
79,0.43037974683544306,1.7059264077283824,1.0134566945353118,3.6434488208938407,0.054878459205896235,0.02430569369551941,ETH/USD,9,21,30,True,1.2,0.06,0.02,0.035
94,0.44680851063829785,1.6264800180147518,1.0076705851780483,3.409073819160199,0.04730453604511259,0.023490918707520455,ETH/USD,9,21,10,True,1.5,0.05,0.02,0.03
91,0.38461538461538464,1.5979811328057012,1.0046165178053064,3.163053641708225,0.05949460900411218,0.02326944283896707,ETH/USD,5,13,30,False,1.0,0.06,0.02,0.035
91,0.38461538461538464,1.5979811328057012,1.0046165178053064,3.163053641708225,0.05949460900411218,0.02326944283896707,ETH/USD,9,21,30,False,1.0,0.06,0.02,0.035
83,0.4578313253012048,1.716466915865436,0.9996706154261781,3.7929481718633435,0.04754917845003964,0.023392609090743047,ETH/USD,5,13,30,True,1.2,0.05,0.02,0.03
83,0.4578313253012048,1.716466915865436,0.9996706154261781,3.7929481718633435,0.04754917845003964,0.023392609090743047,ETH/USD,9,21,30,True,1.2,0.05,0.02,0.03
76,0.4342105263157895,1.7367922423681157,0.9913094401913728,3.7600696852605,0.054057861039080134,0.023886717384245033,ETH/USD,12,26,30,True,1.2,0.06,0.02,0.035
91,0.4065934065934066,1.5377486610188305,0.9804589872232191,2.8185295198906557,0.06106503354510949,0.027209164526421286,ETH/USD,5,13,10,False,1.0,0.08,0.025,0.04
107,0.3644859813084112,1.4920410893784364,0.9789943358615044,2.6921109338534026,0.06067068250866587,0.023321355623694032,ETH/USD,5,13,20,False,1.0,0.06,0.02,0.035
99,0.43434343434343436,1.5501382687887604,0.9769078887483763,3.1329062937097345,0.04954349933549788,0.024541249392304527,ETH/USD,5,13,10,True,1.5,0.05,0.02,0.03
65,0.47692307692307695,1.8844092149103564,0.9644711186263627,3.914491364135097,0.05126046182738192,0.02480219239623057,ETH/USD,12,26,10,True,1.5,0.08,0.025,0.04
88,0.4318181818181818,1.6668657424957511,0.9643872994569974,3.545827880007729,0.048546920971296856,0.022134752066439844,ETH/USD,12,26,10,True,1.5,0.05,0.02,0.03
68,0.5147058823529411,1.8152917118188687,0.9515999837729061,3.770263004102398,0.04709279194380867,0.027514531257578665,ETH/USD,5,13,30,False,1.0,0.08,0.025,0.04
68,0.5147058823529411,1.8152917118188687,0.9515999837729061,3.770263004102398,0.04709279194380867,0.027514531257578665,ETH/USD,9,21,30,False,1.0,0.08,0.025,0.04
67,0.5223880597014925,1.8398521206881882,0.9512886263142908,3.8228038821243597,0.046256994243026595,0.02749872497056233,ETH/USD,12,26,30,False,1.0,0.08,0.025,0.04
88,0.3977272727272727,1.5991788252735302,0.9455013077230695,3.1914459905586705,0.056660909687923255,0.023397997320895755,ETH/USD,12,26,10,True,1.2,0.06,0.02,0.035
90,0.4444444444444444,1.6003723982894122,0.9263845328115836,3.3193991183898572,0.04815001490099956,0.024069405322144067,ETH/USD,9,21,20,True,1.5,0.05,0.02,0.03
111,0.35135135135135137,1.4482757324720732,0.9060095514368827,2.486774339471627,0.06174818511055401,0.023094313362869965,ETH/USD,9,21,15,False,1.0,0.06,0.02,0.035
76,0.39473684210526316,1.6672785780807124,0.8911203326924122,3.4885115353471883,0.058728199863059695,0.022972165788143994,ETH/USD,20,50,10,True,1.5,0.06,0.02,0.035
66,0.42424242424242425,1.796584831453715,0.881094557874163,3.972282896590152,0.05561117943971722,0.0228080844372776,ETH/USD,20,50,30,True,1.5,0.06,0.02,0.035
82,0.45121951219512196,1.6594529951199903,0.8790135726562618,3.535515254188527,0.04692922867112041,0.023252393890405672,ETH/USD,12,26,30,True,1.2,0.05,0.02,0.03
68,0.4117647058823529,1.7529272821950914,0.8759841065083805,3.8194979801657376,0.05740045954957685,0.022921841706056545,ETH/USD,20,50,30,True,1.2,0.06,0.02,0.035
86,0.43023255813953487,1.6226063444042185,0.8696668999586978,3.36555507943245,0.04841797419103176,0.022531966086490586,ETH/USD,12,26,15,True,1.5,0.05,0.02,0.03
91,0.43956043956043955,1.5627419326159206,0.8689145118700763,3.1529952981550613,0.04807334291454902,0.024127197134182498,ETH/USD,5,13,20,True,1.5,0.05,0.02,0.03
85,0.4,1.5637950754915033,0.8467923113554611,3.045835516473334,0.056201366909632094,0.02395939118044518,ETH/USD,12,26,15,True,1.2,0.06,0.02,0.035
90,0.4,1.5223182845418017,0.8426955257904195,2.854321521156882,0.05610162610020283,0.02456850479074363,ETH/USD,9,21,15,True,1.2,0.06,0.02,0.035
84,0.40476190476190477,1.5635655826035817,0.8375445827172036,3.058794671589407,0.055724425353886387,0.02423474247722031,ETH/USD,12,26,20,True,1.2,0.06,0.02,0.035
86,0.4186046511627907,1.5060570131808035,0.8266738194380207,2.693771380920548,0.05779978647346484,0.027632317964511658,ETH/USD,5,13,15,False,1.0,0.08,0.025,0.04
94,0.43617021276595747,1.5238667667042038,0.816628110907213,2.958270402088389,0.04715786736716155,0.023939503882790213,ETH/USD,9,21,15,True,1.5,0.05,0.02,0.03
91,0.37362637362637363,1.5116266858026348,0.811377013835304,2.788882370984979,0.05858433002148858,0.023117505987684556,ETH/USD,12,26,30,False,1.0,0.06,0.02,0.035
96,0.4375,1.5029619034114619,0.8093525329663164,2.8771361796361075,0.04713623850653929,0.024392846388989753,ETH/USD,5,13,15,True,1.5,0.05,0.02,0.03
93,0.3870967741935484,1.478850223377208,0.8003021897481445,2.6716286959159468,0.05771500970508465,0.02464859828309869,ETH/USD,5,13,15,True,1.2,0.06,0.02,0.035
90,0.4,1.492289852383188,0.78640580836076,2.730926049023231,0.05569052352206035,0.024879225454814757,ETH/USD,9,21,20,True,1.2,0.06,0.02,0.035
60,0.5,1.8095413572613983,0.7808188413849948,3.627962770938835,0.04787993163194875,0.026459705626408755,ETH/USD,5,13,30,True,1.5,0.08,0.025,0.04
60,0.5,1.8095413572613983,0.7808188413849948,3.627962770938835,0.04787993163194875,0.026459705626408755,ETH/USD,9,21,30,True,1.5,0.08,0.025,0.04
79,0.4430379746835443,1.557690339485433,0.7733667876319996,2.8209663624966503,0.05250011196529706,0.026809855361537124,ETH/USD,12,26,20,False,1.0,0.08,0.025,0.04
91,0.3956043956043956,1.4776428369365353,0.7682930969486548,2.659114673826884,0.05604903074399793,0.024827811828480425,ETH/USD,5,13,20,True,1.2,0.06,0.02,0.035
100,0.42,1.4876945902667595,0.762430086526135,2.7236647736425637,0.0461067703349725,0.022442550705963304,ETH/USD,5,13,30,False,1.0,0.05,0.02,0.03
100,0.42,1.4876945902667595,0.762430086526135,2.7236647736425637,0.0461067703349725,0.022442550705963304,ETH/USD,9,21,30,False,1.0,0.05,0.02,0.03
69,0.4492753623188406,1.719170123648747,0.7570755184743397,3.756220104637849,0.04727182838304417,0.022431671808515626,ETH/USD,20,50,30,True,1.5,0.05,0.02,0.03
71,0.39436619718309857,1.6343659180902215,0.7556248748095943,3.3375689907601855,0.057507909709241085,0.022912256404132955,ETH/USD,20,50,20,True,1.5,0.06,0.02,0.035
74,0.3783783783783784,1.580512442444089,0.7301141067875917,3.1113966115304943,0.05971244458244633,0.022996785360199137,ETH/USD,20,50,15,True,1.5,0.06,0.02,0.035
80,0.375,1.5305983391834812,0.7210053667370674,2.9018997395702266,0.058881162513782274,0.02308162540351112,ETH/USD,20,50,10,True,1.2,0.06,0.02,0.035
70,0.44285714285714284,1.6205377595490988,0.7141833315972497,3.0174354977638207,0.05151854132049976,0.02526978169271202,ETH/USD,12,26,10,True,1.2,0.08,0.025,0.04
102,0.4215686274509804,1.426743409781522,0.6947779983992587,2.4872818521829503,0.04653569825476566,0.023771511855649977,ETH/USD,9,21,10,True,1.2,0.05,0.02,0.03
107,0.411214953271028,1.3828666262246307,0.6761600213288476,2.3065284017678698,0.04874124960196827,0.024616623912209357,ETH/USD,5,13,10,True,1.2,0.05,0.02,0.03
75,0.37333333333333335,1.533658500241327,0.6691903760648195,2.9135147864097894,0.05929718981910071,0.02303380147443934,ETH/USD,20,50,20,True,1.2,0.06,0.02,0.035
61,0.47540983606557374,1.6656281732153826,0.651014734490477,3.1722765389241485,0.04884872263003423,0.02657805361085476,ETH/USD,20,50,10,True,1.5,0.08,0.025,0.04
63,0.47619047619047616,1.6475265139725481,0.650928075405855,3.0825404158928764,0.04817962069022127,0.026585098814171943,ETH/USD,5,13,30,True,1.2,0.08,0.025,0.04
63,0.47619047619047616,1.6475265139725481,0.650928075405855,3.0825404158928764,0.04817962069022127,0.026585098814171943,ETH/USD,9,21,30,True,1.2,0.08,0.025,0.04
73,0.4383561643835616,1.5932275481780438,0.6460335253790636,3.2178381471119977,0.046047202710504165,0.022557531223581194,ETH/USD,20,50,30,True,1.2,0.05,0.02,0.03
80,0.3625,1.4978678189825096,0.6433589854342892,2.7062442648550937,0.058540242800467386,0.022223315449833903,ETH/USD,20,50,30,False,1.0,0.06,0.02,0.035
101,0.40594059405940597,1.415175706940606,0.6239033440898358,2.3613620223727203,0.04591357507027369,0.022169880491975623,ETH/USD,12,26,30,False,1.0,0.05,0.02,0.03
97,0.4020618556701031,1.4200015213189499,0.6226812622967626,2.4316405731523356,0.04766737199921732,0.02257194653108227,ETH/USD,12,26,10,True,1.2,0.05,0.02,0.03
92,0.41304347826086957,1.4377170436023115,0.6198335331533968,2.5253053656343414,0.04717214515030766,0.023088836152868455,ETH/USD,12,26,20,True,1.2,0.05,0.02,0.03
67,0.44776119402985076,1.5652164273275684,0.6044784551656353,2.788981169905681,0.050052521510748745,0.02592812395826108,ETH/USD,12,26,15,True,1.5,0.08,0.025,0.04
82,0.4024390243902439,1.4127721161879725,0.5944750159522697,2.243264055628194,0.057995785055211614,0.027646628501487962,ETH/USD,12,26,15,False,1.0,0.08,0.025,0.04
74,0.4189189189189189,1.5394719496714464,0.5869666195759373,2.9728316337037772,0.04715055178212158,0.02208046614216266,ETH/USD,20,50,20,True,1.5,0.05,0.02,0.03
115,0.33043478260869563,1.3218365547758946,0.5797290927519613,1.8400895166460673,0.05987114923338666,0.02235283992836923,ETH/USD,9,21,10,False,1.0,0.06,0.02,0.035
60,0.48333333333333334,1.6187064796036774,0.5779016565514193,2.9601876166901753,0.04685945326744316,0.027081044825861548,ETH/USD,12,26,30,True,1.5,0.08,0.025,0.04
78,0.358974358974359,1.4512788634080362,0.5744823908745117,2.529729262265541,0.05987633313679193,0.023104275409801856,ETH/USD,20,50,15,True,1.2,0.06,0.02,0.035
63,0.4603174603174603,1.5728572706812538,0.5736412025259419,2.835226202016529,0.04912460070888434,0.026639667504054786,ETH/USD,20,50,10,True,1.2,0.08,0.025,0.04
81,0.4074074074074074,1.475666740060373,0.5723735960229019,2.6960696605797523,0.04768321082029117,0.02221518351603492,ETH/USD,20,50,10,True,1.5,0.05,0.02,0.03
107,0.35514018691588783,1.3285068049627224,0.566342922787411,1.9323124783646934,0.05725570988981841,0.023735015858750232,ETH/USD,12,26,20,False,1.0,0.06,0.02,0.035
110,0.34545454545454546,1.318943796797752,0.5648556928731885,1.8803815617767918,0.0587752015473455,0.023519004628106747,ETH/USD,12,26,15,False,1.0,0.06,0.02,0.035
94,0.40425531914893614,1.4618140419828267,0.5586035950034458,2.61404503741201,0.04088595942104582,0.018979188252440153,ETH/USD,12,26,20,True,1.5,0.04,0.015,0.025
102,0.39215686274509803,1.4267565816522836,0.5556689875040774,2.436257099611451,0.04111513935134975,0.01859174627040492,ETH/USD,12,26,10,True,1.5,0.04,0.015,0.025
116,0.31896551724137934,1.3048145404023255,0.5498910353114236,1.7585965718231638,0.062082128338883186,0.02228396370104411,ETH/USD,5,13,15,False,1.0,0.06,0.02,0.035
100,0.41,1.3538959183624115,0.5451348847711448,2.1302908647670296,0.04711181080981631,0.02418111727973982,ETH/USD,9,21,20,True,1.2,0.05,0.02,0.03
87,0.40229885057471265,1.4447285988272136,0.5442877451549352,2.482560629576322,0.04551983571902203,0.021206994164577095,ETH/USD,20,50,30,False,1.0,0.05,0.02,0.03
71,0.43661971830985913,1.4530416563373743,0.5233980101383657,2.3188540866376104,0.051891468676520315,0.02767703737116104,ETH/USD,9,21,10,True,1.5,0.08,0.025,0.04
105,0.4095238095238095,1.320359058973615,0.507566091989095,1.9529772030301273,0.04625690680491064,0.024297483997701465,ETH/USD,5,13,15,True,1.2,0.05,0.02,0.03
96,0.3958333333333333,1.3567501342994486,0.5049909237541298,2.1161790854765874,0.04738921106328114,0.02288417226957732,ETH/USD,12,26,15,True,1.2,0.05,0.02,0.03
66,0.45454545454545453,1.491956214125313,0.49470788470466903,2.4840026787496345,0.047280091743906606,0.026408332952555534,ETH/USD,12,26,20,True,1.5,0.08,0.025,0.04
103,0.4077669902912621,1.321122758610272,0.4943417464295586,1.950253838357038,0.04625708422357455,0.024107630990112015,ETH/USD,9,21,15,True,1.2,0.05,0.02,0.03
99,0.3939393939393939,1.38920868350363,0.4884045221303644,2.268490572537481,0.040866389518501404,0.019121067628250613,ETH/USD,12,26,15,True,1.5,0.04,0.015,0.025
144,0.3680555555555556,1.278988280138496,0.4780982034033812,1.6400991050128226,0.039591768083836215,0.018029048591851476,ETH/USD,5,13,20,False,1.0,0.04,0.015,0.025
102,0.4019607843137255,1.3124278512541627,0.4754668920578548,1.9106074708338576,0.04703700887181578,0.024088972753586013,ETH/USD,5,13,20,True,1.2,0.05,0.02,0.03
73,0.4657534246575342,1.4099721579945264,0.47185979612591855,2.146318472268431,0.047052315453835585,0.029092749871794065,ETH/USD,5,13,10,True,1.5,0.08,0.025,0.04
143,0.3706293706293706,1.2740433257994446,0.4629462287859857,1.618828212957694,0.03914361591408287,0.01809298005487636,ETH/USD,9,21,20,False,1.0,0.04,0.015,0.025
63,0.4603174603174603,1.4819838842184796,0.4628114238751865,2.4399498505061117,0.04716947643117335,0.02714792593167998,ETH/USD,12,26,30,True,1.2,0.08,0.025,0.04
71,0.4225352112676056,1.4109333061383813,0.4458528103997025,2.1621316431848774,0.05031920365363718,0.0260954428834287,ETH/USD,12,26,15,True,1.2,0.08,0.025,0.04
119,0.35294117647058826,1.3193992282283198,0.44382564437379207,1.8303468940387437,0.04158646432877705,0.017192314132223677,ETH/USD,5,13,30,False,1.0,0.04,0.015,0.025
119,0.35294117647058826,1.3193992282283198,0.44382564437379207,1.8303468940387437,0.04158646432877705,0.017192314132223677,ETH/USD,9,21,30,False,1.0,0.04,0.015,0.025
100,0.35,1.3791964237602312,0.44084365212394494,2.119865226566192,0.042829346772901365,0.01672129912559028,ETH/USD,20,50,30,False,1.0,0.04,0.015,0.025
102,0.38235294117647056,1.340126951755893,0.4294667518256909,2.017671281325131,0.04110055629989061,0.01898566511601241,ETH/USD,12,26,20,True,1.2,0.04,0.015,0.025
58,0.46551724137931033,1.5002920173842018,0.4270475106259057,2.5042281638867703,0.0458609351063675,0.026623746997124602,ETH/USD,20,50,20,True,1.5,0.08,0.025,0.04
81,0.41975308641975306,1.3386198670890828,0.4267837479360489,1.8625759158350086,0.051019883948094494,0.027571681895174303,ETH/USD,20,50,10,False,1.0,0.08,0.025,0.04
79,0.3924050632911392,1.3837662673404738,0.4257114716528693,2.2344955482558118,0.04729594457305612,0.022074029594226108,ETH/USD,20,50,15,True,1.5,0.05,0.02,0.03
117,0.3504273504273504,1.3115422998736943,0.41980497959446983,1.7809063270975383,0.04161239096026652,0.01711632927302891,ETH/USD,12,26,30,False,1.0,0.04,0.015,0.025
93,0.3333333333333333,1.3028973256931287,0.41847175788601215,1.777252924669703,0.05896502162481953,0.02262842223329099,ETH/USD,20,50,20,False,1.0,0.06,0.02,0.035
80,0.4,1.3747418436228893,0.4173322178741633,2.189195862168514,0.045929716003360405,0.022273134996905187,ETH/USD,20,50,20,True,1.2,0.05,0.02,0.03
87,0.39080459770114945,1.338801227325289,0.41268670692458237,2.0188634525500606,0.046699719650876576,0.022376966877511888,ETH/USD,20,50,10,True,1.2,0.05,0.02,0.03
61,0.4426229508196721,1.4441520304921234,0.41078084110248947,2.2955351134751028,0.049004218568505696,0.026946688384544223,ETH/USD,20,50,15,True,1.5,0.08,0.025,0.04
136,0.3602941176470588,1.2604730574880463,0.4076863901445578,1.534793282854098,0.040025474863852106,0.017884621499910516,ETH/USD,12,26,20,False,1.0,0.04,0.015,0.025
115,0.3565217391304348,1.3034796845018333,0.4051813047399144,1.7647442815829066,0.04124635235171618,0.01753207894770083,ETH/USD,20,50,20,False,1.0,0.04,0.015,0.025
88,0.38636363636363635,1.3803773795285654,0.4035697652954603,2.1912157189828987,0.04076709357774597,0.01859503814761076,ETH/USD,12,26,30,True,1.5,0.04,0.015,0.025
76,0.40789473684210525,1.336929963789662,0.4002520704873099,1.8275570123724052,0.05400775148556829,0.027828937132067945,ETH/USD,9,21,10,True,1.2,0.08,0.025,0.04
92,0.3804347826086957,1.3548869087645001,0.39280383098077254,2.0671225445503607,0.04100961198112444,0.018585566461134823,ETH/USD,12,26,30,True,1.2,0.04,0.015,0.025
55,0.45454545454545453,1.485314370874734,0.3907118929319939,2.4300939190341486,0.04720939273807485,0.0264867568687789,ETH/USD,20,50,30,True,1.5,0.08,0.025,0.04
85,0.3764705882352941,1.3779813021157858,0.3822878923344137,2.190070794466164,0.041483546689865154,0.018176349462132733,ETH/USD,20,50,20,True,1.5,0.04,0.015,0.025
122,0.36885245901639346,1.2310097824373802,0.37588725142988844,1.4194361542616596,0.04722331596017814,0.02241902719917108,ETH/USD,9,21,20,False,1.0,0.05,0.02,0.03
60,0.45,1.4269966423276335,0.374147134504647,2.220967694527287,0.04654055137275425,0.026684458681859792,ETH/USD,20,50,20,True,1.2,0.08,0.025,0.04
72,0.4166666666666667,1.338759376106616,0.3647762420884121,1.8606477357934712,0.050354938192474136,0.026866525558331536,ETH/USD,20,50,20,False,1.0,0.08,0.025,0.04
70,0.42857142857142855,1.3538015098969391,0.3607757286468715,1.9050911285722698,0.04789174638365468,0.02653181395142291,ETH/USD,12,26,20,True,1.2,0.08,0.025,0.04
104,0.33653846153846156,1.245749663782842,0.3586073325271902,1.471268870055608,0.05625980852272963,0.022907960453797324,ETH/USD,20,50,10,False,1.0,0.06,0.02,0.035
63,0.42857142857142855,1.3702509460703698,0.3446656852388529,1.980735949279416,0.04930053206060397,0.026984399574028164,ETH/USD,20,50,15,True,1.2,0.08,0.025,0.04
90,0.36666666666666664,1.318324915513229,0.336419260403199,1.8921505359892008,0.04171905247792961,0.018321079546398646,ETH/USD,20,50,20,True,1.2,0.04,0.015,0.025
94,0.3617021276595745,1.305802402666202,0.3343874783210515,1.8227060655549103,0.041718017944998034,0.018103972025601555,ETH/USD,20,50,10,True,1.5,0.04,0.015,0.025
79,0.43037974683544306,1.2843153030733676,0.33311525599159086,1.5901628870089743,0.04934560181904029,0.02902974332501462,ETH/USD,5,13,10,True,1.2,0.08,0.025,0.04
89,0.38202247191011235,1.2518259665769127,0.3322057135003852,1.4556362074187477,0.055461865445558846,0.027388405206710823,ETH/USD,12,26,10,False,1.0,0.08,0.025,0.04
57,0.43859649122807015,1.3993296849504826,0.326777908127869,2.080885857549192,0.04756901960800187,0.02655792767668367,ETH/USD,20,50,30,True,1.2,0.08,0.025,0.04
90,0.36666666666666664,1.3007795136853229,0.3151625085833046,1.8026740693003316,0.04144230991810601,0.01844502931968945,ETH/USD,20,50,15,True,1.5,0.04,0.015,0.025
124,0.3629032258064516,1.199906063603671,0.31494704814908253,1.2447300222793225,0.04722331596017814,0.022417885873265653,ETH/USD,5,13,20,False,1.0,0.05,0.02,0.03
99,0.31313131313131315,1.2283671403617984,0.31287635735921904,1.3832119811644223,0.06110796674612112,0.02267892289553404,ETH/USD,20,50,15,False,1.0,0.06,0.02,0.035
116,0.3275862068965517,1.1972644856265857,0.30884434253883664,1.2179340604719215,0.05787800439888382,0.02355116754946882,ETH/USD,12,26,10,False,1.0,0.06,0.02,0.035
70,0.42857142857142855,1.300146605822201,0.3044255810045719,1.6456049714913341,0.049066492398639076,0.02830439977629092,ETH/USD,9,21,20,True,1.5,0.08,0.025,0.04
117,0.358974358974359,1.2037866278985412,0.30327446054219653,1.266561953265884,0.04796239312229803,0.02231204395032593,ETH/USD,20,50,10,False,1.0,0.05,0.02,0.03
83,0.3614457831325301,1.3141316225581963,0.29686015756715367,1.8512890983604375,0.04164764577876712,0.017938948211416988,ETH/USD,20,50,30,True,1.2,0.04,0.015,0.025
72,0.4166666666666667,1.2808725759337223,0.29012098009029524,1.5407650509934576,0.050704561921525074,0.028275680899217576,ETH/USD,9,21,15,True,1.5,0.08,0.025,0.04
92,0.3804347826086957,1.2212334566954681,0.2852849521322594,1.291401327977796,0.05437615317142922,0.027340281089910008,ETH/USD,9,21,10,False,1.0,0.08,0.025,0.04
80,0.3625,1.3154486777078704,0.28486396522139457,1.8546026963508573,0.04138531502300073,0.01788958139404927,ETH/USD,20,50,30,True,1.5,0.04,0.015,0.025
92,0.3695652173913043,1.268774295800861,0.28036687324010434,1.6256011251084612,0.04023918692743972,0.01859155640728826,ETH/USD,5,13,30,True,1.5,0.04,0.015,0.025
92,0.3695652173913043,1.268774295800861,0.28036687324010434,1.6256011251084612,0.04023918692743972,0.01859155640728826,ETH/USD,9,21,30,True,1.5,0.04,0.015,0.025
132,0.36363636363636365,1.1788020318310366,0.2785916432048136,1.1096661834303179,0.04481829447236493,0.021725831219028137,ETH/USD,9,21,10,False,1.0,0.05,0.02,0.03
85,0.3764705882352941,1.2533875368136567,0.2778554739344992,1.5517235933791091,0.046187481775016415,0.022249129363420894,ETH/USD,20,50,15,True,1.2,0.05,0.02,0.03
96,0.3645833333333333,1.2503909983308619,0.2705459537554909,1.5276263483348511,0.0404967883779698,0.018582877048138078,ETH/USD,5,13,30,True,1.2,0.04,0.015,0.025
96,0.3645833333333333,1.2503909983308619,0.2705459537554909,1.5276263483348511,0.0404967883779698,0.018582877048138078,ETH/USD,9,21,30,True,1.2,0.04,0.015,0.025
77,0.38961038961038963,1.2478506403725447,0.2674640801497826,1.4162784786698865,0.05278480399874753,0.027000369270354416,ETH/USD,20,50,15,False,1.0,0.08,0.025,0.04
107,0.3644859813084112,1.22203404978842,0.26550604351026996,1.3829182135429223,0.04011311187786161,0.018826029817536605,ETH/USD,5,13,20,True,1.5,0.04,0.015,0.025
113,0.35398230088495575,1.2112331191039858,0.26472655805956746,1.3141739534399117,0.04112222833962685,0.018603130563337348,ETH/USD,12,26,10,True,1.2,0.04,0.015,0.025
71,0.4225352112676056,1.2656764255462374,0.26420446544820514,1.4797364641100024,0.049066492398639076,0.028366105891325814,ETH/USD,5,13,20,True,1.5,0.08,0.025,0.04
166,0.35542168674698793,1.159487042753337,0.2589034916076165,0.976660122547043,0.03703766877931524,0.01761351273551615,ETH/USD,9,21,10,False,1.0,0.04,0.015,0.025
50,0.4,1.4999381686634388,0.2559179929810607,2.574436212620563,0.03773081472053273,0.016769942258866053,BTC/USD,20,50,20,False,1.0,0.05,0.02,0.03
115,0.3565217391304348,1.2002801532156973,0.25145894364627946,1.2570760286451224,0.04035802775737803,0.01862942483277321,ETH/USD,9,21,10,True,1.5,0.04,0.015,0.025
107,0.3644859813084112,1.2106909939448782,0.2502754812626739,1.322631246062658,0.04011311187786161,0.019002412320256554,ETH/USD,9,21,20,True,1.5,0.04,0.015,0.025
159,0.3270440251572327,1.1568177248204174,0.24583801179870607,0.96189546915821,0.041192333977994336,0.01730497720913215,ETH/USD,5,13,15,False,1.0,0.04,0.015,0.025
172,0.3430232558139535,1.1465149174716331,0.24008444274000304,0.8997346316539269,0.03836694473917247,0.01747234011120096,ETH/USD,5,13,10,False,1.0,0.04,0.015,0.025
155,0.33548387096774196,1.1539598358335914,0.2353816114200097,0.9554018336484797,0.04025980431490568,0.01761355765562375,ETH/USD,9,21,15,False,1.0,0.04,0.015,0.025
65,0.4461538461538462,1.2779617469385833,0.23369496320350228,1.530329462440108,0.0422589221537203,0.026637659221231076,ETH/USD,20,50,30,False,1.0,0.08,0.025,0.04
109,0.3577981651376147,1.1941352309014475,0.23184298994920918,1.2243854095063151,0.0408736602757087,0.019070258776892474,ETH/USD,12,26,15,True,1.2,0.04,0.015,0.025
102,0.35294117647058826,1.1886887047803276,0.22464851813539208,1.1653386447045548,0.046318219577559244,0.02125407880493854,ETH/USD,20,50,20,False,1.0,0.05,0.02,0.03
76,0.39473684210526316,1.2195152236371622,0.22462142021678663,1.2503732079854133,0.05289138749087465,0.028285323936624824,ETH/USD,9,21,15,True,1.2,0.08,0.025,0.04
144,0.3333333333333333,1.1567391891198335,0.22251946783926815,0.9641215658150141,0.04087305008489541,0.017667357719589254,ETH/USD,12,26,15,False,1.0,0.04,0.015,0.025
51,0.39215686274509803,1.4285302584484512,0.2224630930347541,2.2763724832941277,0.037395971654543184,0.016888990053116427,BTC/USD,20,50,15,False,1.0,0.05,0.02,0.03
44,0.4090909090909091,1.503515490281739,0.2186695778350997,2.566612932170226,0.03616498162693541,0.016652502175286594,BTC/USD,20,50,20,True,1.2,0.05,0.02,0.03
46,0.391304347826087,1.4405573494120572,0.20732587865264904,2.3295051079815914,0.03818303128512115,0.017039401039879512,BTC/USD,20,50,15,True,1.2,0.05,0.02,0.03
130,0.35384615384615387,1.1427463493308043,0.20232421116873356,0.905711808121778,0.04616645908145343,0.022123573064953793,ETH/USD,9,21,15,False,1.0,0.05,0.02,0.03
74,0.40540540540540543,1.1992324559796004,0.18754352514025233,1.151274051573989,0.04967814703838716,0.02824428551855805,ETH/USD,9,21,20,True,1.2,0.08,0.025,0.04
62,0.3387096774193548,1.3060520174199999,0.17938025515931805,1.7912973623902375,0.0379170342403215,0.014869943706464689,BTC/USD,9,21,15,True,1.5,0.04,0.015,0.025
113,0.35398230088495575,1.148209286885567,0.16898867587578442,0.9582543198010566,0.04009656888050161,0.019134771792206476,ETH/USD,9,21,15,True,1.5,0.04,0.015,0.025
96,0.34375,1.169132576023557,0.16692116189454992,1.0728881412667925,0.04145090263116918,0.018571356246487977,ETH/USD,20,50,15,True,1.2,0.04,0.015,0.025
121,0.34710743801652894,1.1307744349848161,0.16643415738045533,0.8400599368226093,0.04731345805289216,0.022244923106677392,ETH/USD,12,26,20,False,1.0,0.05,0.02,0.03
157,0.3375796178343949,1.1196589551569645,0.16316583637294096,0.7439716429633524,0.03865297094126991,0.017592989867169933,ETH/USD,12,26,10,False,1.0,0.04,0.015,0.025
101,0.33663366336633666,1.158727538264418,0.16090350865064776,1.0085315735665557,0.0417263579312064,0.018273985037197873,ETH/USD,20,50,10,True,1.2,0.04,0.015,0.025
124,0.33064516129032256,1.130768855247705,0.15303734531200008,0.8451352296039084,0.04124576946274495,0.018018197216945676,ETH/USD,5,13,10,True,1.5,0.04,0.015,0.025
74,0.40540540540540543,1.1727286364964424,0.14902204646128667,0.9941506063720439,0.04879545439145998,0.028369417236685842,ETH/USD,5,13,15,True,1.5,0.08,0.025,0.04
139,0.35251798561151076,1.1218655420657586,0.14864781627868234,0.7688067968046287,0.036875426075202306,0.01789574606792665,ETH/USD,20,50,10,False,1.0,0.04,0.015,0.025
53,0.37735849056603776,1.2591668583775355,0.1459064564630846,1.5198011013845605,0.039491995749772545,0.01900823764492199,BTC/USD,12,26,15,True,1.2,0.05,0.02,0.03
68,0.3235294117647059,1.2335261283863677,0.14522613536795742,1.4013544307645864,0.03814266402180821,0.01478861553299022,BTC/USD,9,21,15,True,1.2,0.04,0.015,0.025
65,0.35384615384615387,1.24218208719322,0.1411798286454574,1.426411111232907,0.03437472824238447,0.015154184025300686,BTC/USD,12,26,15,True,1.2,0.04,0.015,0.025
138,0.34057971014492755,1.106279428089365,0.14052943873306994,0.6959709753343951,0.04917399610311517,0.022957634194416248,ETH/USD,5,13,10,False,1.0,0.05,0.02,0.03
125,0.336,1.1213919287746281,0.1333410867601642,0.7675513616470521,0.03919668464037507,0.017687363728512342,ETH/USD,20,50,15,False,1.0,0.04,0.015,0.025
43,0.3953488372093023,1.322943108501903,0.132524229040727,1.7685651603800925,0.034457783562221,0.017030278254168033,BTC/USD,20,50,20,True,1.5,0.05,0.02,0.03
58,0.3620689655172414,1.2172040651012657,0.1286884751310252,1.2733090328423116,0.04015267127365699,0.01872270609302777,BTC/USD,12,26,15,False,1.0,0.05,0.02,0.03
65,0.35384615384615387,1.2058101528454779,0.12231508430579852,1.2508850521093382,0.035288827265833655,0.016026431634620135,BTC/USD,20,50,30,False,1.0,0.04,0.015,0.025
45,0.37777777777777777,1.2776232360186581,0.12198239357955518,1.5694796855118063,0.03659454202382941,0.017390193113126565,BTC/USD,20,50,15,True,1.5,0.05,0.02,0.03
51,0.37254901960784315,1.227192199472457,0.1179118030542606,1.3494112869151296,0.0385543929818822,0.018653696497446106,BTC/USD,9,21,15,True,1.5,0.05,0.02,0.03
54,0.35185185185185186,1.2119590819243993,0.11763454580942798,1.2701533931254079,0.0414615876347859,0.018571352232455093,BTC/USD,5,13,15,True,1.2,0.05,0.02,0.03
116,0.3448275862068966,1.111989352337485,0.11718469495092686,0.7360696181348336,0.04034166502331488,0.019094117430887864,ETH/USD,9,21,20,True,1.2,0.04,0.015,0.025
61,0.36065573770491804,1.213101927845335,0.11653977480244648,1.2816161345661379,0.03398808455190062,0.015804744188904072,BTC/USD,12,26,15,True,1.5,0.04,0.015,0.025
58,0.3620689655172414,1.1958765505037932,0.11504860807263867,1.163110034663476,0.04038019997496161,0.019164596770482642,BTC/USD,12,26,20,False,1.0,0.05,0.02,0.03
64,0.328125,1.1967588606424426,0.11477940079768213,1.2153385149189193,0.0379170342403215,0.015473143322489929,BTC/USD,5,13,15,True,1.5,0.04,0.015,0.025
54,0.35185185185185186,1.2072222068463248,0.11477610342158405,1.2462329128751517,0.0414615876347859,0.01864422214410613,BTC/USD,9,21,15,True,1.2,0.05,0.02,0.03
117,0.3418803418803419,1.109137983006313,0.11301265879018046,0.7160046977756115,0.04034166502331488,0.018894591497279407,ETH/USD,5,13,20,True,1.2,0.04,0.015,0.025
39,0.4358974358974359,1.2725221997550111,0.1110025616581479,1.4075277337331447,0.03635353843525118,0.022075348166394223,BTC/USD,20,50,15,False,1.0,0.08,0.025,0.04
43,0.3953488372093023,1.275881857159439,0.10933524939697217,1.5314251940937662,0.03307684873307551,0.01695076248957887,BTC/USD,20,50,30,True,1.2,0.05,0.02,0.03
63,0.36507936507936506,1.1623025082632488,0.10776313736201192,1.0185549580849924,0.04294957054260579,0.02124748323816312,BTC/USD,5,13,10,False,1.0,0.05,0.02,0.03
119,0.31932773109243695,1.1024567753518235,0.10750306910696218,0.6469915986847501,0.05547454076165042,0.023606452224413377,ETH/USD,5,13,10,False,1.0,0.06,0.02,0.035
59,0.3559322033898305,1.184301801818536,0.1070322190729179,1.0957893508495902,0.04021735691651982,0.01876665341531895,BTC/USD,9,21,15,False,1.0,0.05,0.02,0.03
40,0.325,1.298703164078751,0.10543756590178818,1.5178960579561216,0.03969335599684273,0.014715923067677066,BTC/USD,5,13,30,True,1.2,0.06,0.02,0.035
40,0.325,1.298703164078751,0.10543756590178818,1.5178960579561216,0.03969335599684273,0.014715923067677066,BTC/USD,9,21,30,True,1.2,0.06,0.02,0.035
51,0.37254901960784315,1.198897083438566,0.10075133143451967,1.1935298760356319,0.03813960875096687,0.01888852096540026,BTC/USD,12,26,15,True,1.5,0.05,0.02,0.03
50,0.4,1.215171231493255,0.09931174623581228,1.2394457062624489,0.03276387486040467,0.017974901539948955,BTC/USD,20,50,30,False,1.0,0.05,0.02,0.03
38,0.34210526315789475,1.2809695709529003,0.09916290577613981,1.474572713159496,0.03971918441463458,0.016123705327555672,BTC/USD,20,50,30,True,1.2,0.06,0.02,0.035
53,0.37735849056603776,1.1891905721460507,0.09816292739988712,1.1368247486704397,0.03729728805074726,0.01900823764492199,BTC/USD,12,26,20,True,1.2,0.05,0.02,0.03
40,0.325,1.2746527759372974,0.09702895440607208,1.4160787023504517,0.03969335599684273,0.014993585869907386,BTC/USD,12,26,30,True,1.2,0.06,0.02,0.035
52,0.36538461538461536,1.1887504468459944,0.09628528950031796,1.1399228216316561,0.0385543929818822,0.01867337580982562,BTC/USD,5,13,15,True,1.5,0.05,0.02,0.03
77,0.38961038961038963,1.1264153413043958,0.09555397365401731,0.7597950975885048,0.05009037934960291,0.028384363556831427,ETH/USD,5,13,20,True,1.2,0.08,0.025,0.04
41,0.36585365853658536,1.2428048459879222,0.09175058752178337,1.3194773286164103,0.036579832887695514,0.016980743043470838,BTC/USD,20,50,15,True,1.2,0.06,0.02,0.035
50,0.36,1.1906665311184004,0.09136671003207775,1.1328698001847528,0.038371294882622926,0.018127538489892337,BTC/USD,20,50,10,True,1.2,0.05,0.02,0.03
58,0.3620689655172414,1.161193001337875,0.09134745203801777,0.978765346556092,0.04044879918649469,0.019770551957217504,BTC/USD,9,21,20,False,1.0,0.05,0.02,0.03
58,0.3448275862068966,1.168421476652743,0.09098510065549326,1.0165930051293657,0.039238391686700055,0.017674944795970177,BTC/USD,20,50,10,False,1.0,0.05,0.02,0.03
116,0.33620689655172414,1.0935857647776819,0.08902896800501585,0.6204527394260437,0.041045875173119827,0.01901036929440516,ETH/USD,5,13,15,True,1.5,0.04,0.015,0.025
39,0.4358974358974359,1.2333974179831435,0.08500053619471382,1.206525239790684,0.032509936464804774,0.02036757510167646,BTC/USD,20,50,20,False,1.0,0.08,0.025,0.04
37,0.43243243243243246,1.2230045886171395,0.08043902858289803,1.1823866428953764,0.03454721480689272,0.021522149399030785,BTC/USD,20,50,30,False,1.0,0.08,0.025,0.04
70,0.3142857142857143,1.1270342242519185,0.07308677847687686,0.8072950418288379,0.03814266402180821,0.015511555875716792,BTC/USD,5,13,15,True,1.2,0.04,0.015,0.025
54,0.35185185185185186,1.1444293366770055,0.07106894953503033,0.887016741588062,0.039151369004232967,0.018571352232455093,BTC/USD,5,13,20,True,1.2,0.05,0.02,0.03
59,0.3559322033898305,1.1305555233413154,0.06953125378786063,0.8022581653176726,0.04044879918649469,0.01977194688757371,BTC/USD,5,13,20,False,1.0,0.05,0.02,0.03
58,0.3620689655172414,1.164022013349751,0.06947601742604366,0.951223069337847,0.02816043524427318,0.01373079679759782,BTC/USD,5,13,30,True,1.2,0.04,0.015,0.025
58,0.3620689655172414,1.164022013349751,0.06947601742604366,0.951223069337847,0.02816043524427318,0.01373079679759782,BTC/USD,9,21,30,True,1.2,0.04,0.015,0.025
65,0.3384615384615385,1.1343157342699999,0.06896782183332052,0.8290732434070057,0.03370508356721929,0.015202523282523717,BTC/USD,12,26,20,True,1.2,0.04,0.015,0.025
59,0.3389830508474576,1.1447634354108545,0.06865641454499109,0.8903559751680294,0.033809767181829084,0.015145786114582723,BTC/USD,20,50,15,True,1.2,0.04,0.015,0.025
54,0.35185185185185186,1.1399563978753795,0.06832960249432327,0.8626573451684102,0.039151369004232967,0.01864422214410613,BTC/USD,9,21,20,True,1.2,0.05,0.02,0.03
46,0.391304347826087,1.1615336960150127,0.06502386606977689,0.9594370772392126,0.03296112692187867,0.01824251500498588,BTC/USD,5,13,30,True,1.2,0.05,0.02,0.03
46,0.391304347826087,1.1615336960150127,0.06502386606977689,0.9594370772392126,0.03296112692187867,0.01824251500498588,BTC/USD,9,21,30,True,1.2,0.05,0.02,0.03
62,0.3387096774193548,1.1244654443918078,0.06500718831287995,0.7516955873778021,0.040097724806190685,0.018264553303531383,BTC/USD,5,13,15,False,1.0,0.05,0.02,0.03
53,0.33962264150943394,1.163149574266397,0.06383517317979132,0.9509403048985839,0.03047365996908448,0.01347390596259736,BTC/USD,20,50,30,True,1.2,0.04,0.015,0.025
51,0.37254901960784315,1.1404549434428919,0.06297475971441527,0.8577381220838824,0.035829390120413925,0.018653696497446106,BTC/USD,9,21,20,True,1.5,0.05,0.02,0.03
136,0.3382352941176471,1.0723939626763874,0.06252522725946473,0.47290212308640733,0.04581232740779867,0.021834503343853597,ETH/USD,5,13,15,False,1.0,0.05,0.02,0.03
58,0.3620689655172414,1.1469796751095873,0.06134100734453714,0.8625233805959547,0.02816043524427318,0.013934815132368453,BTC/USD,12,26,30,True,1.2,0.04,0.015,0.025
40,0.35,1.1700863516190838,0.05814230476454941,0.9479574405499581,0.03716728572722857,0.017103997346375566,BTC/USD,20,50,20,True,1.2,0.06,0.02,0.035
46,0.391304347826087,1.144693780626925,0.05692268419028023,0.8691651061082276,0.03296112692187867,0.018510885825504912,BTC/USD,12,26,30,True,1.2,0.05,0.02,0.03
66,0.3333333333333333,1.114184637218936,0.056307567349628516,0.7102357729016078,0.03370508356721929,0.015125447991882644,BTC/USD,9,21,20,True,1.2,0.04,0.015,0.025
57,0.3333333333333333,1.1285409128960675,0.05542013558140916,0.788059168789568,0.033105641638576704,0.014667453018438132,BTC/USD,20,50,20,True,1.2,0.04,0.015,0.025
51,0.37254901960784315,1.126276664168923,0.05488916451217974,0.7786586105093025,0.035829390120413925,0.01888852096540026,BTC/USD,12,26,20,True,1.5,0.05,0.02,0.03
62,0.3387096774193548,1.1114399637960415,0.05121831160488291,0.6936625023895076,0.03326814043075216,0.015331263765989919,BTC/USD,9,21,20,True,1.5,0.04,0.015,0.025
53,0.3584905660377358,1.1124927462974785,0.049907851718823074,0.7062549659308539,0.03831796373807382,0.019247747733410064,BTC/USD,12,26,10,True,1.5,0.05,0.02,0.03
68,0.3088235294117647,1.0985091260732507,0.049797196142547726,0.635434284792224,0.03780635886165305,0.015377389677239527,BTC/USD,9,21,10,True,1.5,0.04,0.015,0.025
42,0.38095238095238093,1.1368692117375212,0.047689547425122325,0.751794134889726,0.03858980200415063,0.020888568552048625,BTC/USD,5,13,15,False,1.0,0.08,0.025,0.04
40,0.4,1.131820567054742,0.04515010263353397,0.7438048499393336,0.038812080789948925,0.022861150680416244,BTC/USD,9,21,15,False,1.0,0.08,0.025,0.04
62,0.3387096774193548,1.0982509987524234,0.04322217945845896,0.6174902333490483,0.03326814043075216,0.015515377872978055,BTC/USD,12,26,20,True,1.5,0.04,0.015,0.025
110,0.32727272727272727,1.0678650703188644,0.042739960517110924,0.4421813531632607,0.04688727123525324,0.02136039887264613,ETH/USD,20,50,15,False,1.0,0.05,0.02,0.03
52,0.36538461538461536,1.1047302323207837,0.04241102831301414,0.6504069161005559,0.035829390120413925,0.01867337580982562,BTC/USD,5,13,20,True,1.5,0.05,0.02,0.03
127,0.33070866141732286,1.0633897330727105,0.042324586082340646,0.4196348003465439,0.04750985102177292,0.022076060233495332,ETH/USD,12,26,15,False,1.0,0.05,0.02,0.03
72,0.3194444444444444,1.0847734365800294,0.04121030780785531,0.5414241186878045,0.03588999776608317,0.01552981010961195,BTC/USD,5,13,30,False,1.0,0.04,0.015,0.025
72,0.3194444444444444,1.0847734365800294,0.04121030780785531,0.5414241186878045,0.03588999776608317,0.01552981010961195,BTC/USD,9,21,30,False,1.0,0.04,0.015,0.025
72,0.3194444444444444,1.082677093011029,0.03969520201379437,0.529218255044862,0.03588999776608317,0.015559879848559267,BTC/USD,12,26,30,False,1.0,0.04,0.015,0.025
54,0.35185185185185186,1.1107920970142051,0.039658616385214736,0.6593199349413088,0.02852493238127746,0.013940469449068696,BTC/USD,5,13,30,True,1.5,0.04,0.015,0.025
54,0.35185185185185186,1.1107920970142051,0.039658616385214736,0.6593199349413088,0.02852493238127746,0.013940469449068696,BTC/USD,9,21,30,True,1.5,0.04,0.015,0.025
38,0.39473684210526316,1.1268783534902813,0.03847065841008334,0.7074964142457784,0.03619108796367383,0.020945369463762135,BTC/USD,5,13,30,False,1.0,0.08,0.025,0.04
38,0.39473684210526316,1.1268783534902813,0.03847065841008334,0.7074964142457784,0.03619108796367383,0.020945369463762135,BTC/USD,9,21,30,False,1.0,0.08,0.025,0.04
80,0.375,1.0840567920636426,0.038211905559964725,0.5124157722102812,0.05139451227202531,0.028445656711871634,ETH/USD,5,13,15,True,1.2,0.08,0.025,0.04
49,0.3469387755102041,1.1053094811653896,0.036101253920969245,0.605598828786185,0.03592473209397042,0.0172666698785569,BTC/USD,5,13,30,False,1.0,0.06,0.02,0.035
49,0.3469387755102041,1.1053094811653896,0.036101253920969245,0.605598828786185,0.03592473209397042,0.0172666698785569,BTC/USD,9,21,30,False,1.0,0.06,0.02,0.035
132,0.3409090909090909,1.0591339113905238,0.0353862495250547,0.3901840698599379,0.045346092769211054,0.022145335276337212,ETH/USD,12,26,10,False,1.0,0.05,0.02,0.03
63,0.3333333333333333,1.0839986977892553,0.034430370168352785,0.5293095248991372,0.03326814043075216,0.015345101658609169,BTC/USD,5,13,20,True,1.5,0.04,0.015,0.025
52,0.36538461538461536,1.0986423196136714,0.03442240226069953,0.5671427607135942,0.0344318392094522,0.018044446238954213,BTC/USD,9,21,15,False,1.0,0.06,0.02,0.035
49,0.32653061224489793,1.101349838783199,0.0323631467053201,0.60962677358383,0.031195653409878465,0.013733297774255575,BTC/USD,20,50,30,True,1.5,0.04,0.015,0.025
54,0.35185185185185186,1.0938685798167866,0.03175041350098945,0.5655464875303151,0.02852493238127746,0.01415614597439765,BTC/USD,12,26,30,True,1.5,0.04,0.015,0.025
65,0.3384615384615385,1.0763805389756926,0.031613722143239285,0.49155910373861295,0.03388243987226257,0.016105086600327834,BTC/USD,12,26,10,True,1.5,0.04,0.015,0.025
42,0.38095238095238093,1.1033800992312408,0.030918528632547897,0.6223196604534733,0.031069942483450193,0.017328538568460308,BTC/USD,20,50,30,True,1.5,0.05,0.02,0.03
67,0.3283582089552239,1.0746033453861132,0.030403315048605144,0.4739245545558533,0.03370508356721929,0.015334068078081686,BTC/USD,5,13,20,True,1.2,0.04,0.015,0.025
38,0.39473684210526316,1.1086917405488457,0.03006530015877579,0.6131050634429894,0.03619108796367383,0.02128895038298521,BTC/USD,12,26,30,False,1.0,0.08,0.025,0.04
57,0.3508771929824561,1.073560353889555,0.02667009490252167,0.4741177620446167,0.039648246153305554,0.019962999126732845,BTC/USD,12,26,10,True,1.2,0.05,0.02,0.03
126,0.3253968253968254,1.0503232404539222,0.025810568240937755,0.3377068694004752,0.040364943843502046,0.018537292743252824,ETH/USD,9,21,10,True,1.2,0.04,0.015,0.025
49,0.3469387755102041,1.0850309721280647,0.025241264079760184,0.49581196180115644,0.03592473209397042,0.01758937248352502,BTC/USD,12,26,30,False,1.0,0.06,0.02,0.035
57,0.3333333333333333,1.0720213019246558,0.024519817441807028,0.4597784385420503,0.03333233969492382,0.01554649130342864,BTC/USD,20,50,15,True,1.5,0.04,0.015,0.025
47,0.3404255319148936,1.0863386225101133,0.023754128248944288,0.4918842992808869,0.0343381096862536,0.01631433786362719,BTC/USD,12,26,15,True,1.2,0.06,0.02,0.035
41,0.3902439024390244,1.0920728253942058,0.02350283927363398,0.5222569463902121,0.038231174839699913,0.02240505516523199,BTC/USD,12,26,15,False,1.0,0.08,0.025,0.04
47,0.3404255319148936,1.0820153832697919,0.021832846730074743,0.47073185330795336,0.034805110580251354,0.01660228525322259,BTC/USD,20,50,30,False,1.0,0.06,0.02,0.035
70,0.34285714285714286,1.0579249992858046,0.020769001612697867,0.38028121377171464,0.03394815920719819,0.016742286151270082,BTC/USD,20,50,20,False,1.0,0.04,0.015,0.025
74,0.2972972972972973,1.048287786139839,0.014284508598757748,0.31771648211787745,0.03802491678742057,0.015346420140901944,BTC/USD,9,21,10,True,1.2,0.04,0.015,0.025
49,0.3469387755102041,1.0603362327556358,0.014220149874816524,0.38201482637330253,0.036793879950596006,0.018434481553983504,BTC/USD,20,50,10,True,1.5,0.05,0.02,0.03
44,0.3409090909090909,1.0629464679757952,0.012295697227148595,0.3778045377055388,0.03680681626525599,0.017910599439046226,BTC/USD,20,50,10,True,1.2,0.06,0.02,0.035
71,0.323943661971831,1.0466122515438039,0.012018610140755845,0.30275603664606693,0.03426210045297022,0.015686092383145698,BTC/USD,12,26,10,True,1.2,0.04,0.015,0.025
55,0.32727272727272727,1.05145281736213,0.011830210265162714,0.32823507424821496,0.03256257231666268,0.015066060155735438,BTC/USD,20,50,20,True,1.5,0.04,0.015,0.025
47,0.3404255319148936,1.058532976067434,0.009704309512652436,0.33572792250662903,0.03358536350141175,0.016375853708798092,BTC/USD,12,26,20,True,1.2,0.06,0.02,0.035
54,0.35185185185185186,1.055586089938134,0.00953051089847213,0.32406973734632827,0.03373017622980667,0.017346445989311888,BTC/USD,12,26,15,False,1.0,0.06,0.02,0.035
57,0.3333333333333333,1.0479493893238143,0.007897660214561984,0.31011589165235837,0.04019950594053888,0.019180079854084115,BTC/USD,5,13,30,False,1.0,0.05,0.02,0.03
57,0.3333333333333333,1.0479493893238143,0.007897660214561984,0.31011589165235837,0.04019950594053888,0.019180079854084115,BTC/USD,9,21,30,False,1.0,0.05,0.02,0.03
53,0.3584905660377358,1.0392784036911276,-0.0006488739935082776,0.2319410836948579,0.03375717678574226,0.018151348673643597,BTC/USD,9,21,20,False,1.0,0.06,0.02,0.035
50,0.36,1.037671135962643,-0.0007022252432647292,0.22091386932187626,0.03203949870185782,0.017367947700574607,BTC/USD,20,50,20,False,1.0,0.06,0.02,0.035
66,0.3181818181818182,1.036519872628237,-0.0015094901251410193,0.23637919669166252,0.04285163525888359,0.019292857103427073,BTC/USD,12,26,10,False,1.0,0.05,0.02,0.03
57,0.3333333333333333,1.0332846865151146,-0.002666693035249227,0.21755998673654653,0.04019950594053888,0.01945228960864449,BTC/USD,12,26,30,False,1.0,0.05,0.02,0.03
55,0.34545454545454546,1.0323043837932986,-0.0027272931144074392,0.21275298547059113,0.0385378948927518,0.01970295277831809,BTC/USD,9,21,10,True,1.5,0.05,0.02,0.03
54,0.3333333333333333,1.0338104864581883,-0.003309414538342753,0.20142054912558743,0.03565614427821259,0.017245009963271773,BTC/USD,5,13,15,False,1.0,0.06,0.02,0.035
45,0.37777777777777777,1.0232331929321685,-0.005896512845255347,0.14769032919096106,0.03127217248176019,0.018555570988888714,BTC/USD,5,13,30,True,1.5,0.05,0.02,0.03
45,0.37777777777777777,1.0232331929321685,-0.005896512845255347,0.14769032919096106,0.03127217248176019,0.018555570988888714,BTC/USD,9,21,30,True,1.5,0.05,0.02,0.03
133,0.3082706766917293,1.0289721691857818,-0.007081648466840488,0.19600993047114043,0.041360256419993344,0.017913300999925278,ETH/USD,5,13,10,True,1.2,0.04,0.015,0.025
63,0.31746031746031744,1.0189341120168856,-0.007103590068823906,0.12435575301964005,0.033693558034227224,0.015380211690509515,BTC/USD,20,50,10,True,1.2,0.04,0.015,0.025
50,0.38,1.0243724082816315,-0.007769020381294649,0.14647124783913823,0.03072770943427384,0.01838502490076048,BTC/USD,20,50,15,False,1.0,0.06,0.02,0.035
54,0.35185185185185186,1.0217827354741496,-0.01106132927988183,0.12895480968401057,0.03343913062118995,0.017765685677026417,BTC/USD,12,26,20,False,1.0,0.06,0.02,0.035
54,0.35185185185185186,1.019311178482629,-0.012498621973885383,0.11735801034494484,0.034450959765007096,0.01834763512998877,BTC/USD,5,13,10,False,1.0,0.06,0.02,0.035
45,0.37777777777777777,1.0086450724231963,-0.013458233678988109,0.05556735114915069,0.03127217248176019,0.01882394180940775,BTC/USD,12,26,30,True,1.5,0.05,0.02,0.03
54,0.35185185185185186,1.0075539001339184,-0.020268376954262566,0.04542705330929086,0.03390865274263641,0.018269548004881914,BTC/USD,5,13,20,False,1.0,0.06,0.02,0.035
49,0.30612244897959184,0.9952366672860902,-0.023063610031284407,-0.028792539991533368,0.036788149335274335,0.0163077450989291,BTC/USD,9,21,15,True,1.2,0.06,0.02,0.035
71,0.29577464788732394,0.9987064405283587,-0.024125286859091648,-0.008828503656164118,0.03780635886165305,0.015899237330935588,BTC/USD,5,13,10,True,1.5,0.04,0.015,0.025
41,0.24390243902439024,0.9750204995691927,-0.02806445567456103,-0.1488285304921932,0.04439419709630724,0.014687597591098646,BTC/USD,5,13,30,True,1.5,0.06,0.02,0.035
41,0.24390243902439024,0.9750204995691927,-0.02806445567456103,-0.1488285304921932,0.04439419709630724,0.014687597591098646,BTC/USD,9,21,30,True,1.5,0.06,0.02,0.035
55,0.34545454545454546,0.9927078150884012,-0.030042628026990495,-0.04468059696516973,0.03461103661278942,0.01840112036234612,BTC/USD,9,21,10,False,1.0,0.06,0.02,0.035
65,0.3230769230769231,1.0014779278218044,-0.03162792349894062,0.009858111903929436,0.04247536334717498,0.02024241567729623,BTC/USD,9,21,10,False,1.0,0.05,0.02,0.03
82,0.2926829268292683,0.9930126841450384,-0.033805013809887895,-0.04693831348608048,0.03798715932597543,0.015829429774316568,BTC/USD,9,21,15,False,1.0,0.04,0.015,0.025
42,0.35714285714285715,0.9897819051516168,-0.034197688014068084,-0.06197260967806381,0.04017289429687635,0.022548679151653105,BTC/USD,20,50,10,False,1.0,0.08,0.025,0.04
41,0.24390243902439024,0.9592265696303659,-0.03545757188772568,-0.24599345199748454,0.04439419709630724,0.014929432934976665,BTC/USD,12,26,30,True,1.5,0.06,0.02,0.035
41,0.3902439024390244,0.9789987958908535,-0.03551892024267163,-0.12681841737741584,0.03391696332653062,0.02217250584994555,BTC/USD,9,21,20,False,1.0,0.08,0.025,0.04
49,0.30612244897959184,0.9701780940504915,-0.036470910492601795,-0.18146749791275352,0.03598522007144303,0.016363833075408448,BTC/USD,5,13,20,True,1.2,0.06,0.02,0.035
49,0.30612244897959184,0.9701780940504915,-0.036470910492601795,-0.18146749791275352,0.03598522007144303,0.016363833075408448,BTC/USD,9,21,20,True,1.2,0.06,0.02,0.035
74,0.32432432432432434,0.9838269200374178,-0.03761904872355026,-0.11009797022012696,0.034202107681036854,0.016686890094726525,BTC/USD,20,50,15,False,1.0,0.04,0.015,0.025
123,0.3252032520325203,1.0073545838279399,-0.04033713977501029,0.05092250051835338,0.04010365786877872,0.019185959287248863,ETH/USD,9,21,15,True,1.2,0.04,0.015,0.025
38,0.2631578947368421,0.9334147589577947,-0.04413163707344538,-0.40961983653025913,0.040868975403202557,0.015637274324115213,BTC/USD,20,50,30,True,1.5,0.06,0.02,0.035
42,0.38095238095238093,0.9584559839455074,-0.04693890113704765,-0.2510788380721785,0.03372566285678122,0.021653841609164073,BTC/USD,12,26,20,False,1.0,0.08,0.025,0.04
61,0.3114754098360656,0.9539787471586126,-0.04811122190808856,-0.31362999960453497,0.03321001427639554,0.015748336041749317,BTC/USD,20,50,10,True,1.5,0.04,0.015,0.025
80,0.3,0.9681285622823089,-0.052153696341513935,-0.2152542438770548,0.03525537627480815,0.015606860042738646,BTC/USD,12,26,15,False,1.0,0.04,0.015,0.025
45,0.28888888888888886,0.9295177758104249,-0.053563253976210944,-0.44263629620770134,0.037200478115299224,0.016258639294083325,BTC/USD,9,21,15,True,1.5,0.06,0.02,0.035
42,0.38095238095238093,0.9445988110688114,-0.0547693597880696,-0.3392936127845018,0.033693700184296,0.02195067841059042,BTC/USD,5,13,20,False,1.0,0.08,0.025,0.04
50,0.3,0.9400414308620316,-0.054770630207547584,-0.37623144102517647,0.036788149335274335,0.01677197323171129,BTC/USD,5,13,15,True,1.2,0.06,0.02,0.035
57,0.3333333333333333,0.9529470022884835,-0.05518535835702042,-0.29346004902335326,0.03390937363314389,0.017791846530662875,BTC/USD,12,26,10,False,1.0,0.06,0.02,0.035
33,0.30303030303030304,0.9234660757537366,-0.05686110275414467,-0.474662464322422,0.044501704391094465,0.020952114684635748,BTC/USD,20,50,30,True,1.2,0.08,0.025,0.04
77,0.2857142857142857,0.9518784303979777,-0.06533289201601837,-0.33581758604620016,0.03802491678742057,0.01597889628469571,BTC/USD,5,13,10,True,1.2,0.04,0.015,0.025
60,0.31666666666666665,0.9526673134487216,-0.06585601018481611,-0.32721887536831407,0.04143120866753066,0.02015376001240112,BTC/USD,9,21,10,True,1.2,0.05,0.02,0.03
38,0.3157894736842105,0.8928788226696875,-0.07519630315244412,-0.6668471150089641,0.03893174949187277,0.02012423109303268,BTC/USD,20,50,10,True,1.2,0.08,0.025,0.04
37,0.2972972972972973,0.8870167031722228,-0.07763965884939425,-0.7099567646036217,0.04195478368742417,0.02001101075927197,BTC/USD,20,50,15,True,1.2,0.08,0.025,0.04
46,0.2826086956521739,0.8679183782082349,-0.08838232066365072,-0.8673298513265468,0.037200478115299224,0.016884921636583474,BTC/USD,5,13,15,True,1.5,0.06,0.02,0.035
36,0.2777777777777778,0.8626665143118065,-0.0884945008273391,-0.874709766378658,0.04455623928691738,0.019865167855766277,BTC/USD,20,50,20,True,1.2,0.08,0.025,0.04
41,0.2682926829268293,0.8424403604162832,-0.08888814989182592,-1.0227427263946993,0.037224949791155384,0.016201916358817837,BTC/USD,20,50,20,True,1.5,0.06,0.02,0.035
44,0.3409090909090909,0.888209268985449,-0.0931030897331957,-0.7186833593279119,0.037644388029461316,0.021921900465971596,BTC/USD,5,13,10,False,1.0,0.08,0.025,0.04
56,0.32142857142857145,0.8952040430746189,-0.10000345420005488,-0.7446789642115696,0.0380257892840081,0.020120793818995328,BTC/USD,5,13,10,True,1.5,0.05,0.02,0.03
34,0.2647058823529412,0.8299472565787562,-0.1020494387601304,-1.0990881865177338,0.04671453002952215,0.020263011507445278,BTC/USD,5,13,30,True,1.2,0.08,0.025,0.04
34,0.2647058823529412,0.8299472565787562,-0.1020494387601304,-1.0990881865177338,0.04671453002952215,0.020263011507445278,BTC/USD,9,21,30,True,1.2,0.08,0.025,0.04
46,0.2608695652173913,0.8295396362371781,-0.10690747776774079,-1.1224494969881498,0.038291755819278926,0.016291852441535085,BTC/USD,12,26,15,True,1.5,0.06,0.02,0.035
52,0.3076923076923077,0.858163085363367,-0.10729273017039832,-0.9373127905615752,0.0345346070721505,0.0178855447362783,BTC/USD,12,26,10,True,1.2,0.06,0.02,0.035
34,0.2647058823529412,0.8179588176677809,-0.10887984891171036,-1.1888337338433856,0.04671453002952215,0.020559996967302575,BTC/USD,12,26,30,True,1.2,0.08,0.025,0.04
46,0.2608695652173913,0.8253956153125336,-0.10925149632262256,-1.1538748090685833,0.03823163529785572,0.016347940418014437,BTC/USD,12,26,20,True,1.5,0.06,0.02,0.035
33,0.24242424242424243,0.8097579889106649,-0.11265256600201265,-1.2646930531423795,0.05208284493825474,0.020582088239305064,BTC/USD,20,50,30,True,1.5,0.08,0.025,0.04
41,0.34146341463414637,0.8563671341850649,-0.11308388300587757,-0.9654629359562474,0.03955899577745786,0.02395242772146721,BTC/USD,9,21,10,False,1.0,0.08,0.025,0.04
79,0.3037974683544304,0.8912332509667599,-0.11569276112197968,-0.7709176576831934,0.03340194280078036,0.016354184728126036,BTC/USD,9,21,20,False,1.0,0.04,0.015,0.025
79,0.3037974683544304,0.8871338757548187,-0.11878285777389229,-0.8024560683825647,0.0332392843312798,0.016349747628091646,BTC/USD,12,26,20,False,1.0,0.04,0.015,0.025
47,0.2553191489361702,0.810240414298293,-0.11955271369710899,-1.2710640403018867,0.038605154879820414,0.016335957659080448,BTC/USD,9,21,20,True,1.5,0.06,0.02,0.035
127,0.30708661417322836,0.955796191307917,-0.12003695701295419,-0.3142507377833788,0.04105314593032711,0.019035447118270158,ETH/USD,5,13,15,True,1.2,0.04,0.015,0.025
85,0.29411764705882354,0.8988982668702541,-0.12035045855889312,-0.7078006316026229,0.03540551061041296,0.016411530238050167,BTC/USD,5,13,15,False,1.0,0.04,0.015,0.025
47,0.2553191489361702,0.8040943324633139,-0.12349664234384782,-1.3186176183746126,0.038605154879820414,0.016460821283374234,BTC/USD,5,13,20,True,1.5,0.06,0.02,0.035
42,0.3333333333333333,0.8367755940272666,-0.12479640515813917,-1.0924682160511856,0.03889510326288755,0.023241059813714014,BTC/USD,12,26,10,False,1.0,0.08,0.025,0.04
39,0.3076923076923077,0.8049217840853842,-0.1255948032485958,-1.300489218030052,0.03836237489938824,0.021182113264708823,BTC/USD,12,26,15,True,1.2,0.08,0.025,0.04
43,0.2558139534883721,0.7781419294427686,-0.12608210883856955,-1.5104995474291736,0.037506134221900016,0.016568614478865935,BTC/USD,20,50,15,True,1.5,0.06,0.02,0.035
55,0.32727272727272727,0.8352383480541001,-0.12757776380483538,-1.1208494791452372,0.03202369267474729,0.018652273054699058,BTC/USD,20,50,10,False,1.0,0.06,0.02,0.035
37,0.24324324324324326,0.7857554161650351,-0.13152820484863678,-1.4443856181270043,0.04850802110793067,0.019843151706986552,BTC/USD,20,50,10,True,1.5,0.08,0.025,0.04
80,0.3125,0.8720744641301039,-0.13337022570064838,-0.9144652502918993,0.03207330586910644,0.016717351550467358,BTC/USD,5,13,20,False,1.0,0.04,0.015,0.025
49,0.2857142857142857,0.798298174893573,-0.13604993775324328,-1.4042006274156387,0.03566339160260293,0.017869709702070895,BTC/USD,9,21,10,True,1.5,0.06,0.02,0.035
37,0.24324324324324326,0.7756885905476187,-0.1369557904575402,-1.518963716498869,0.04812759290630656,0.019943033354723947,BTC/USD,20,50,15,True,1.5,0.08,0.025,0.04
60,0.3,0.8611345512730925,-0.13721977419779324,-1.0115703239231293,0.04107984271294134,0.020444710818938637,BTC/USD,5,13,10,True,1.2,0.05,0.02,0.03
36,0.2222222222222222,0.7522508390389645,-0.1471125676915617,-1.7025004522286995,0.05215101355803338,0.019807607801468657,BTC/USD,20,50,20,True,1.5,0.08,0.025,0.04
41,0.3170731707317073,0.7685854276032493,-0.15088016114505845,-1.5791907177216775,0.03584822093334356,0.02165512936383852,BTC/USD,12,26,10,True,1.2,0.08,0.025,0.04
80,0.325,0.8434276671658644,-0.15494297405559354,-1.1444785269883717,0.029822124902380044,0.01702434178756907,BTC/USD,20,50,10,False,1.0,0.04,0.015,0.025
34,0.20588235294117646,0.7271059060633946,-0.15516778207320148,-1.8884548106453931,0.056010926551541815,0.019971439108227275,BTC/USD,5,13,30,True,1.5,0.08,0.025,0.04
34,0.20588235294117646,0.7271059060633946,-0.15516778207320148,-1.8884548106453931,0.056010926551541815,0.019971439108227275,BTC/USD,9,21,30,True,1.5,0.08,0.025,0.04
49,0.2653061224489796,0.7532346391398105,-0.160239050843525,-1.7440955900740192,0.03637518253763201,0.017438765957490252,BTC/USD,12,26,10,True,1.5,0.06,0.02,0.035
34,0.20588235294117646,0.7172303685944119,-0.16159413871998748,-1.975958857449319,0.056010926551541815,0.02024642564513218,BTC/USD,12,26,30,True,1.5,0.08,0.025,0.04
38,0.2631578947368421,0.7247588004642009,-0.17027846010848152,-1.9470894117448427,0.04319942143877521,0.021287585317599257,BTC/USD,12,26,15,True,1.5,0.08,0.025,0.04
87,0.28735632183908044,0.8398111403899785,-0.17240153923198123,-1.1592062363158597,0.03388513723000959,0.01626956482138283,BTC/USD,9,21,10,False,1.0,0.04,0.015,0.025
55,0.2727272727272727,0.7698292987053166,-0.17297713468373385,-1.6295832396250616,0.037151410798876496,0.018097231520038108,BTC/USD,9,21,10,True,1.2,0.06,0.02,0.035
39,0.28205128205128205,0.7218578171375702,-0.17369695702909377,-1.97251592253649,0.039688049385688394,0.0215994525751091,BTC/USD,5,13,15,True,1.5,0.08,0.025,0.04
87,0.28735632183908044,0.8335870441100494,-0.1782841556422798,-1.2187384401688834,0.03386054498847217,0.016379147992210515,BTC/USD,12,26,10,False,1.0,0.04,0.015,0.025
46,0.2608695652173913,0.7037955289480721,-0.179228111004516,-2.1719213959626837,0.0354953149665641,0.017800281059213073,BTC/USD,20,50,10,True,1.5,0.06,0.02,0.035
39,0.28205128205128205,0.709418530123004,-0.18271899337285621,-2.082633186242213,0.039688049385688394,0.021978187804780513,BTC/USD,9,21,15,True,1.5,0.08,0.025,0.04
39,0.28205128205128205,0.6767573965300626,-0.19129558738001334,-2.391932002807406,0.03655793585356139,0.021221853358121146,BTC/USD,12,26,20,True,1.2,0.08,0.025,0.04
39,0.2564102564102564,0.696960474878923,-0.19134670173197355,-2.2022702274042683,0.04354180682023691,0.02154270821098945,BTC/USD,12,26,10,True,1.5,0.08,0.025,0.04
51,0.27450980392156865,0.7138030713048921,-0.19857102319960132,-2.141590276839632,0.03566339160260293,0.018904732726068744,BTC/USD,5,13,10,True,1.5,0.06,0.02,0.035
40,0.275,0.6831380173131841,-0.20347134569115652,-2.3308291289795084,0.03999930882338085,0.022209496819302385,BTC/USD,9,21,10,True,1.5,0.08,0.025,0.04
57,0.2631578947368421,0.7022470400589511,-0.2293739374469389,-2.237214433720544,0.037151410798876496,0.018894150124840563,BTC/USD,5,13,10,True,1.2,0.06,0.02,0.035
41,0.2682926829268293,0.650027335083644,-0.2294662993993672,-2.6615482522470413,0.03999930882338085,0.022562763815697696,BTC/USD,5,13,10,True,1.5,0.08,0.025,0.04
38,0.23684210526315788,0.6044872443981084,-0.2326218176092475,-3.112606629780578,0.04153144555380761,0.02132231809562183,BTC/USD,12,26,20,True,1.5,0.08,0.025,0.04
44,0.25,0.6380528192109072,-0.24415656767886648,-2.756634829027543,0.04098655557260306,0.021412310673219793,BTC/USD,5,13,15,True,1.2,0.08,0.025,0.04
87,0.27586206896551724,0.7523517812046798,-0.24427181073747514,-1.8582030297660563,0.03207305812005638,0.01624015275898648,BTC/USD,5,13,10,False,1.0,0.04,0.015,0.025
39,0.23076923076923078,0.5888329901574993,-0.24763205172129146,-3.3099433952943627,0.042025177131766,0.021411084892097452,BTC/USD,5,13,20,True,1.5,0.08,0.025,0.04
44,0.25,0.6286186529879019,-0.25240928679276065,-2.8533264280538946,0.04098655557260306,0.021733661777183413,BTC/USD,9,21,15,True,1.2,0.08,0.025,0.04
39,0.23076923076923078,0.5792695421316714,-0.25584682356679633,-3.418380816748116,0.042025177131766,0.02176457110645743,BTC/USD,9,21,20,True,1.5,0.08,0.025,0.04
43,0.2558139534883721,0.5930122477186424,-0.2595239996637552,-3.255352628796097,0.03696189805370916,0.021425615583560063,BTC/USD,5,13,20,True,1.2,0.08,0.025,0.04
43,0.2558139534883721,0.5839797422890033,-0.2676089286054396,-3.3559252546589966,0.03696189805370916,0.021757008909522545,BTC/USD,9,21,20,True,1.2,0.08,0.025,0.04
47,0.2553191489361702,0.5785954746683097,-0.3011446876978421,-3.3888739315459766,0.038044207053286754,0.02254377834536817,BTC/USD,9,21,10,True,1.2,0.08,0.025,0.04
48,0.25,0.5572136111254087,-0.3222334884153745,-3.647594894757816,0.038044207053286754,0.022758601186146296,BTC/USD,5,13,10,True,1.2,0.08,0.025,0.04
