,entry_time,entry_price,bias,entry_type,tp,sl,atr,target,pnl_r,rsi,adx,vol_spike,rolling_vol,hour,dayofweek,dist_to_range_low,dist_to_range_high,session_label,session_code,in_killzone,daily_trend_label,daily_trend,displacement_factor,liquidity_sweep,liquidity_sweep_dir,atr_ratio,volume_zscore,vol_regime,vol_regime_code,premium_pct,discount_pct,body_factor,impulse_factor,exit_time,holding_minutes,wfa_prob,wfa_threshold,fold_id,filter_profile,entry_filter,session_filter,prob,net_pnl,equity_after,units,risk_pct_used
0,2021-03-01 08:15:00,1754.54,bear,fvg,1752.0299542255195,1757.0500457744804,1.255022887240228,0,-1.0,77.6803840039618,33.60348102453993,1.403324216284452,0.0003123643847843095,8,0,0.021756600938748354,0.03967115849853861,london,2,True,bear,-1,1.1633253981611038,0,0,0.8668315986388564,1.537460758716526,normal,0,0.7299708667152233,0.27002913328477673,1.1633253981611038,1.7848280081375467,2021-03-01 09:25:00,70.0,0.8727020257785053,0.62,3,baseline,both,all_sessions,0.8727020257785053,-41.736947169013575,5958.263052830986,14.342367922533938,0.006
1,2021-03-01 12:20:00,1743.83,bear,fvg,1741.0102491959888,1746.649750804011,1.4098754020055344,0,-1.0,28.162315715027958,43.98638664699063,0.934801016088061,0.0005071949351084029,12,0,0.015519631022956162,0.04521960994732873,off,0,False,bear,-1,1.3901937697557918,0,0,1.1026858752203827,-0.6193334296454549,normal,0,0.8279018674478218,0.17209813255217826,1.3901937697557918,1.858320243244875,2021-03-01 12:30:00,10.0,0.6409958099236063,0.62,3,baseline,both,all_sessions,0.6409958099236063,-41.10683425624549,5917.156218574741,12.767085640613745,0.006
2,2021-03-01 14:20:00,1744.82,bear,fvg,1741.8267602977485,1747.8132397022514,1.4966198511257391,1,1.0,47.66768070040859,27.010657341765864,1.1528685548293391,0.000627091832798373,14,0,0.016096157653827714,0.044677565948686576,new_york,3,True,bear,-1,1.423207101254169,0,0,1.1510446220872281,0.23787196128251517,normal,0,0.8279018674478218,0.17209813255217826,1.423207101254169,1.7773384456976582,2021-03-01 14:30:00,10.0,0.8731586710658263,0.62,3,baseline,both,all_sessions,0.8731586710658263,31.18915909435232,5948.345377669093,12.027102264119204,0.006
3,2021-03-01 16:30:00,1742.58,bear,fvg,1736.4224079111077,1748.7375920888921,3.078796044446164,1,1.0,58.21423896415137,23.38611471843543,1.5872455063374993,0.0011032715044135266,16,0,0.014791693357714313,0.04590400893551327,new_york,3,True,bear,-1,1.0263752305711105,0,0,1.8646264259420673,2.920913724946026,normal,0,0.9101977297693158,0.08980227023068423,1.0263752305711105,1.5817871433169808,2021-03-01 16:45:00,15.0,0.8525713250126171,0.62,3,baseline,both,all_sessions,0.8525713250126171,33.66142352528087,5982.006801194374,5.846441186797841,0.006
4,2021-03-01 18:10:00,1738.64,bear,fvg,1733.347606642238,1743.9323933577623,2.646196678881092,1,1.0,49.312773358906384,12.785663261673664,0.7514277126540427,0.001012475276674562,18,0,0.012497233836872101,0.04806123454627083,off,0,False,bear,-1,1.269746888738682,0,0,1.3335329416814985,-0.3844582729225337,normal,0,0.9101977297693158,0.08980227023068423,1.269746888738682,1.4473602928182157,2021-03-01 18:50:00,40.0,0.9403188279004333,0.62,3,baseline,both,all_sessions,0.9403188279004333,33.27911380984561,6015.2859150042195,6.802215475385987,0.006
5,2021-03-01 19:10:00,1730.03,bear,ob,1725.1536284252052,1734.9063715747948,2.4381857873974107,1,1.0,34.52245065259346,20.96179495947056,1.0933333333333333,0.0010217250658401116,19,0,0.007483199198686165,0.052775374776885986,off,0,False,bear,-1,0.910513059125703,0,0,1.1659763126394234,-0.5029812793350432,normal,0,0.9101977297693158,0.08980227023068423,0.910513059125703,1.156597669700177,2021-03-01 20:00:00,50.0,0.8787457983859559,0.62,3,baseline,both,all_sessions,0.8787457983859559,33.046984673105854,6048.332899677325,7.382538317235367,0.006
6,2021-03-02 01:15:00,1722.98,bear,fvg,1720.3639106158723,1725.5960893841277,1.3080446920638298,0,-1.0,44.377742260085114,16.156743321430564,0.5425950196592398,0.0005171582417071388,1,1,0.0073137792536554225,0.05663538507024674,asia,1,True,bear,-1,1.01678483011269,0,0,0.6027700623590575,-1.3819929387571503,low,1,0.9890470030185426,0.010952996981457363,1.01678483011269,1.18497480201106,2021-03-02 02:20:00,65.0,0.7499566789132464,0.62,3,baseline,both,all_sessions,0.7499566789132464,-29.053079356216674,6019.279820321109,9.63269839054169,0.0042
7,2021-03-02 08:40:00,1720.85,bear,fvg,1716.9784047091769,1724.721595290823,1.935797645411513,1,1.0,64.68911500610521,25.253651447100832,0.9912286957141839,0.0009383966559721498,8,1,0.007995548266166743,0.05739904910058948,london,2,True,bear,-1,1.1364824237773783,0,0,1.1140590168018336,0.4234146881121685,normal,0,0.8668524147247554,0.13314758527524465,1.1364824237773783,1.2501306661552571,2021-03-02 09:45:00,65.0,0.8099679803699706,0.62,3,baseline,both,all_sessions,0.8099679803699706,32.280602976728304,6051.560423297837,9.298492558179255,0.006
8,2021-03-02 10:30:00,1720.99,bear,fvg,1717.2041333692437,1724.7758666307564,1.8929333153781158,0,-1.0,58.467193027874195,20.88447526366254,1.1459241865145924,0.0008112769597879547,10,1,0.008077553889409539,0.057322363664249296,london,2,True,bear,-1,1.0618440616321927,0,0,1.0236726662665636,0.9090198518141597,normal,0,0.8668524147247554,0.13314758527524465,1.0618440616321927,1.4474889198369307,2021-03-02 11:40:00,70.0,0.8168851498937022,0.62,3,baseline,both,all_sessions,0.8168851498937022,-39.803620519279406,6011.756802778557,9.509051298198498,0.006
9,2021-03-02 11:35:00,1722.72,bear,fvg,1719.5076075247568,1725.9323924752432,1.6061962376215697,0,-1.0,59.410429512917474,29.237381253651854,0.8542260921783515,0.0006955011003973177,11,1,0.00909090909090908,0.05637475077233193,off,0,False,bear,-1,0.9650128444424514,0,0,0.8451056546001732,-0.9849437641034338,normal,0,0.8668524147247554,0.13314758527524465,0.9650128444424514,1.1144341880980668,2021-03-02 12:00:00,25.0,0.8812536179029895,0.62,3,baseline,both,all_sessions,0.8812536179029895,-40.48264030966824,5971.274162468889,11.2066007741706,0.006
10,2021-03-02 22:00:00,1736.99,bear,fvg,1733.6445118277045,1740.3354881722955,1.6727440861478058,1,1.0,58.31986802850815,22.70741296437911,1.3144691952638972,0.0006157797516520031,22,1,0.01744962511715087,0.04351297625013077,off,0,False,bear,-1,1.333138773866795,0,0,0.7635676075673115,-0.07386808052246528,normal,0,0.7098612259902587,0.2901387740097413,1.333138773866795,2.0325882650884246,2021-03-02 22:55:00,55.0,0.6716582178689,0.62,3,baseline,both,all_sessions,0.6716582178689,31.695695438636275,6002.969857907525,10.76076140340932,0.006
11,2021-03-03 12:20:00,1725.07,bear,fvg,1722.2567496071417,1727.8832503928581,1.4066251964291108,1,1.0,32.86638074390953,27.787644029220836,0.9621342512908778,0.0005244684281950248,12,2,0.010467432052483535,0.05007681675761701,off,0,False,bear,-1,1.3862967938796757,0,0,1.2836698865526825,-0.011938918227321656,normal,0,0.9521183714732099,0.047881628526790176,1.3862967938796757,2.0190168690350716,2021-03-03 13:35:00,75.0,0.7923275068749845,0.62,3,baseline,both,all_sessions,0.7923275068749845,30.88136568413668,6033.851223591661,12.796585789658309,0.006
12,2021-03-03 13:25:00,1722.94,bear,fvg,1720.2005270305392,1725.679472969461,1.3697364847303868,0,-1.0,32.939962904269834,30.929864273534893,1.2919544702792098,0.0004838826768366674,13,2,0.009219775070290539,0.05124971778789761,new_york,3,True,bear,-1,1.3141213803283185,0,0,1.2314075785141816,0.6937179234664322,normal,0,0.9521183714732099,0.047881628526790176,1.3141213803283185,1.8762733041354334,2021-03-03 14:35:00,70.0,0.7819367046234346,0.62,3,baseline,both,all_sessions,0.7819367046234346,-41.256485521313266,5992.594738070348,13.141213803283156,0.006
13,2021-03-03 14:35:00,1726.18,bear,fvg,1723.5569155470962,1728.803084452904,1.3115422264519485,1,1.0,57.95214317584934,22.639543637968824,1.1550037622272384,0.0004443735954586293,14,2,0.011117619493908165,0.04946558664324532,new_york,3,True,bear,-1,0.9225779968010566,0,0,1.138291461359156,0.5812432661538703,normal,0,0.9521183714732099,0.047881628526790176,0.9225779968010566,1.3190577970791708,2021-03-03 15:00:00,25.0,0.9159534582266278,0.62,3,baseline,both,all_sessions,0.9159534582266278,30.510279688456624,6023.105017758805,13.724300778858433,0.006
14,2021-03-03 16:20:00,1715.38,bear,ob,1708.9211494624067,1721.8388505375935,3.229425268796739,1,1.0,47.137763999586284,42.87460475402948,1.226485196918143,0.0016245464727341853,16,2,0.007944249233192043,0.05541269045875292,new_york,3,True,bear,-1,1.1364251204263007,0,0,2.1446694929179677,1.6223824347564615,normal,0,0.8650897941305293,0.1349102058694707,1.1364251204263007,2.164471823373214,2021-03-03 17:05:00,45.0,0.6751291914853121,0.62,3,baseline,both,all_sessions,0.6751291914853121,33.770501126139166,6056.8755188849445,5.573747184652083,0.006
15,2021-03-03 17:55:00,1715.96,bear,ob,1707.9003918456058,1724.0196081543943,4.0298040771970935,0,-1.0,55.909080456792566,22.561909855683687,1.0355763494206676,0.0017593066767445282,17,2,0.008285052824556742,0.05509330895754977,off,0,False,bear,-1,1.3747566615827334,0,0,2.0417880597597353,0.8404851180985261,normal,0,0.8650897941305293,0.1349102058694707,1.3747566615827334,1.6824639287962013,2021-03-03 18:20:00,25.0,0.8221815808469582,0.62,3,baseline,both,all_sessions,0.8221815808469582,-37.78668735801365,6019.088831526931,4.466718395034143,0.006
16,2021-03-03 21:15:00,1715.48,bear,ob,1711.9567429348365,1719.0032570651636,1.76162853258177,1,1.0,40.80976795467077,9.667833767601309,0.9171743783961799,0.0005813369862959315,21,2,0.008003008473082463,0.05535762468268345,off,0,False,bear,-1,1.0671943404803006,0,0,0.6980848673090222,-0.9609963173345594,low,1,0.9137100306614093,0.0862899693385907,1.0671943404803006,1.175049087656539,2021-03-03 23:45:00,150.0,0.7383937369694761,0.62,3,baseline,both,all_sessions,0.7383937369694761,22.339010917010075,6041.427842443942,7.152472707474816,0.0042
17,2021-03-04 02:30:00,1714.18,bear,fvg,1711.5193459582615,1716.8406540417386,1.33032702086923,1,1.0,60.221999206196664,22.388385814425504,1.2495994873437999,0.0006377123492949967,2,3,0.007239138354506343,0.05607347977158712,asia,1,True,bear,-1,1.5033897444954614,0,0,0.6027803899499599,-0.2801481597075924,low,1,0.8832238282961004,0.11677617170389964,1.5033897444954614,1.5785592317201662,2021-03-04 03:05:00,35.0,0.9245804878984905,0.62,3,baseline,both,all_sessions,0.9245804878984905,21.411457843871567,6062.839300287813,9.471355390321074,0.0042
18,2021-03-04 03:30:00,1715.86,bear,fvg,1712.6530246631444,1719.0669753368554,1.6034876684277748,1,1.0,59.95892840672266,16.159638522451907,1.3662160767722629,0.0006845209593534225,3,3,0.00822629358466619,0.05514837473361936,off,0,False,bear,-1,1.047716195814017,0,0,0.8237279163033243,1.1980271059791385,normal,0,0.8832238282961004,0.11677617170389964,1.047716195814017,1.44060976924438,2021-03-04 04:25:00,55.0,0.8237730162662499,0.62,3,baseline,both,all_sessions,0.8237730162662499,31.509787732225163,6094.349088020038,11.225530669437092,0.006
19,2021-03-04 06:25:00,1712.84,bear,fvg,1710.048889777966,1715.6311102220338,1.3955551110169886,0,-1.0,60.34060693266233,32.76027084043464,1.272616385444196,0.00038550248453178006,6,3,0.006451764539973922,0.0568113611709187,off,0,False,bear,-1,1.189490824758727,0,0,0.9633503243305472,0.6882686312207256,normal,0,0.8567674113009187,0.14323258869908123,1.189490824758727,2.056529317504811,2021-03-04 07:10:00,45.0,0.657386948094964,0.62,3,baseline,both,all_sessions,0.657386948094964,-41.15923731220708,6053.189850707831,12.898093280517703,0.006
20,2021-03-04 07:40:00,1717.36,bear,fvg,1714.4835724445607,1720.2364275554391,1.4382137777196387,0,-1.0,65.9139989612002,35.5276640355006,1.168640501125575,0.0005351169767838929,7,3,0.009107682183023281,0.05432238809257663,london,2,True,bear,-1,0.980382764957035,0,0,1.046481769560565,0.6308651386594696,normal,0,0.8567674113009187,0.14323258869908123,0.980382764957035,1.0846788037821506,2021-03-04 09:10:00,90.0,0.8380185579143951,0.62,3,baseline,both,all_sessions,0.8380185579143951,-41.00620986361015,6012.183640844221,12.515524659025372,0.006
21,2021-03-04 11:50:00,1715.25,bear,fvg,1710.6714332546237,1719.8285667453763,2.289283372688129,1,1.0,55.53138674280563,29.685509787867826,0.8805913087804256,0.0007997631816960946,11,3,0.007867862221334364,0.05548427596764335,off,0,False,bear,-1,1.0789402611611583,0,0,1.5042800208619824,0.10752850500771806,normal,0,0.8834866403854562,0.11651335961454377,1.0789402611611583,1.3235582960802608,2021-03-04 12:15:00,25.0,0.878448898240249,0.62,3,baseline,both,all_sessions,0.878448898240249,32.85491097961126,6045.038551823833,7.862722550971858,0.006
22,2021-03-04 13:10:00,1713.62,bear,fvg,1709.291743214882,1717.9482567851178,2.1641283925589265,0,-1.0,50.08152218194456,16.780697092814705,0.9848541371334776,0.0009652123128171987,13,3,0.0069100866111195935,0.0563818481175765,new_york,3,True,bear,-1,1.2429946435938224,0,0,1.2995812639405468,-0.24671416304937518,normal,0,0.8770039421813388,0.12299605781866123,1.2429946435938224,1.4324473587884539,2021-03-04 14:15:00,65.0,0.8387440630618589,0.62,3,baseline,both,all_sessions,0.8387440630618589,-39.32697451073429,6005.711577313098,8.317436276835725,0.006
23,2021-03-04 14:15:00,1719.39,bear,fvg,1716.0337095576479,1722.7462904423523,1.6781452211761654,0,-1.0,67.4702926282085,17.442775301651306,1.3282247765006385,0.0006146313079335587,14,3,0.010300494752799996,0.053204552838365365,new_york,3,True,bear,-1,1.0845306931926764,0,0,0.9707137444118243,0.3187114413787239,normal,0,0.8770039421813388,0.12299605781866123,1.0845306931926764,1.334807007006256,2021-03-04 15:00:00,45.0,0.9373072659219881,0.62,3,baseline,both,all_sessions,0.9373072659219881,-40.290451093948775,5965.421126219149,10.726127734871927,0.006
24,2021-03-04 15:35:00,1717.35,bear,fvg,1712.6961935714908,1722.003806428509,2.326903214254574,1,1.0,51.44645843807141,29.24917420340048,1.3475258918296893,0.0007585610643288989,15,3,0.009101806259034239,0.05432789467018358,new_york,3,True,bear,-1,1.0185210908134497,0,0,1.2841390834484319,1.8380077617045478,normal,0,0.8770039421813388,0.12299605781866123,1.0185210908134497,1.6373693485229395,2021-03-04 16:10:00,35.0,0.6723880985389173,0.62,3,baseline,both,all_sessions,0.6723880985389173,32.90575871145266,5998.326884930602,7.735603221368338,0.006
25,2021-03-04 16:35:00,1714.03,bear,fvg,1708.619310863654,1719.440689136346,2.7053445681730572,0,-1.0,43.79993705388425,16.0187802277941,1.193871224869365,0.0008981899051924131,16,3,0.009184953162626608,0.056156078435691446,new_york,3,True,bear,-1,0.9795425067756375,0,0,1.394001736921047,1.7477465272972366,normal,0,0.9830753529511821,0.016924647048817913,0.9795425067756375,1.3824486699399121,2021-03-04 17:35:00,60.0,0.7252331739736798,0.62,3,baseline,both,all_sessions,0.7252331739736798,-38.66139850897527,5959.665486421627,6.65349627243816,0.006
26,2021-03-04 19:05:00,1717.55,bear,fvg,1713.3101177056776,1721.7898822943223,2.1199411471611747,1,1.0,52.693646059165395,13.819699525070822,0.8636012364760433,0.000697952593115324,19,3,0.011257455414706458,0.05421776311804453,off,0,False,bear,-1,0.9811593132126649,0,0,0.929300230900765,-0.975293989071063,normal,0,0.9830753529511821,0.016924647048817913,0.9811593132126649,1.254751814012433,2021-03-04 19:10:00,5.0,0.8156893034473095,0.62,3,baseline,both,all_sessions,0.8156893034473095,32.60367930041757,5992.269165722045,8.490801748956066,0.006
27,2021-03-05 15:40:00,1697.92,bear,fvg,1692.3545383851203,1703.4854616148798,2.782730807439859,0,-1.0,55.25872289076884,22.007559911966613,2.136243386243386,0.001183358011418461,15,4,0.006306007301692724,0.06502717496049026,new_york,3,True,bear,-1,1.4374369196278964,0,0,1.874307304059467,3.23650606225068,normal,0,0.9525363163209809,0.047463683679019084,1.4374369196278964,2.2100592639279237,2021-03-05 16:15:00,35.0,0.8309850270710413,0.62,3,baseline,both,all_sessions,0.8309850270710413,-38.587386455330204,5953.681779266714,6.468466138325528,0.006
28,2021-03-05 19:30:00,1699.76,bear,fvg,1695.2530278425625,1704.2669721574375,2.253486078718716,0,-1.0,54.52122708806877,13.28779275202159,0.8049645390070922,0.0007401230755254438,19,4,0.007396519842586896,0.06401396468081123,off,0,False,bear,-1,0.9496397693376736,0,0,1.0194184641712518,-1.4684348027773242,normal,0,0.879515264507108,0.12048473549289201,0.9496397693376736,0.9762651834312277,2021-03-05 20:15:00,45.0,0.763905457002591,0.62,3,baseline,both,all_sessions,0.763905457002591,-39.19504969122934,5914.486729575485,7.987624228073342,0.006
29,2021-03-08 09:00:00,1702.88,bear,fvg,1700.296215551961,1705.4637844480392,1.2918922240195576,1,1.0,28.74145164139331,25.913208062333982,1.3097643097643097,0.00044984120089218096,9,0,0.009245649803233688,0.062295912467442295,london,2,True,bear,-1,1.2849369081539763,0,0,0.8797869785627529,1.7053228524619628,normal,0,0.974054222015071,0.025945777984929058,1.2849369081539763,1.8345183568223196,2021-03-08 09:20:00,20.0,0.6554923284119409,0.62,3,baseline,both,all_sessions,0.6554923284119409,30.42677967547614,5944.9135092509605,13.93305081130965,0.006
30,2021-03-08 16:10:00,1695.52,bear,fvg,1690.6415259267978,1700.3984740732021,2.4392370366010496,1,1.0,60.95524713523888,16.306694429825352,1.24328395681647,0.0009858593023940104,16,0,0.011152061640486186,0.06634875358615867,new_york,3,True,bear,-1,0.9142202936978227,0,0,1.4337827183743115,1.6069645238671917,normal,0,0.9715496802931243,0.028450319706875744,0.9142202936978227,1.4307752578499477,2021-03-08 16:30:00,20.0,0.668179310288393,0.62,3,baseline,both,all_sessions,0.668179310288393,33.04825734770215,5977.9617665986625,7.379356630744632,0.006
31,2021-03-09 04:15:00,1687.57,bear,fvg,1684.6685811108985,1690.4714188891014,1.4507094445507367,0,-1.0,68.80094050238046,19.459385918536732,0.9411969380654142,0.0005271065867600947,4,1,0.006410944525947926,0.07072648278368514,off,0,False,bear,-1,1.0684427580051818,0,0,1.2213506574771664,0.7396666073302185,normal,0,0.9133558445290598,0.08664415547094022,1.0684427580051818,1.6061107265497219,2021-03-09 05:30:00,75.0,0.8078863218767812,0.62,3,baseline,both,all_sessions,0.8078863218767812,-40.96308894041131,5936.998677658251,12.40772235102826,0.006
32,2021-03-09 05:30:00,1691.32,bear,fvg,1688.5726949426382,1694.0673050573616,1.373652528680873,1,1.0,71.5122158772729,35.34097460211712,0.9607456533428931,0.0005601087836490024,5,1,0.00864732052337162,0.06866151618107832,off,0,False,bear,-1,1.514211168087292,0,0,1.2395530014441805,0.2729777214206141,normal,0,0.9133558445290598,0.08664415547094022,1.514211168087292,1.6598083957880316,2021-03-09 05:50:00,20.0,0.7626846328204313,0.62,3,baseline,both,all_sessions,0.7626846328204313,30.758499802774484,5967.757177461025,13.103750493063782,0.006
33,2021-03-09 15:00:00,1706.99,bear,fvg,1703.28233525152,1710.69766474848,1.8538323742400455,0,-1.0,55.34612780404692,26.35616260206472,1.5528141865844256,0.0008760522576417737,15,1,0.017992390357939477,0.05896005380552832,new_york,3,True,bear,-1,2.23860585113653,0,0,1.262707223538318,3.1528034014281405,normal,0,0.7327158693115515,0.26728413068844853,2.23860585113653,2.395038549167734,2021-03-09 15:30:00,30.0,0.7108255828496908,0.62,3,baseline,both,all_sessions,0.7108255828496908,-39.88384629594766,5927.873331165078,9.709615739869164,0.006
34,2021-03-10 01:15:00,1715.46,bear,fvg,1713.7857273887796,1717.1342726112205,0.8371363056101735,0,-1.0,42.110990984571885,20.06749668907804,1.3878406708595388,0.0003180481686454327,1,2,0.023043618277453812,0.05429066011003673,asia,1,True,bear,-1,0.9198024202746083,0,0,0.47057225336941844,-0.14612304436904616,low,1,0.7316219369894988,0.2683780630105012,0.9198024202746083,1.5051312331766566,2021-03-10 02:20:00,65.0,0.6603782360779847,0.62,3,baseline,both,all_sessions,0.6603782360779847,-31.220524932706365,5896.652806232371,15.051312331765919,0.0042
35,2021-03-22 08:10:00,1732.81,bear,fvg,1730.1788207056911,1735.4411792943088,1.3155896471544308,1,1.0,16.80190628011647,36.32787666022872,1.8348861283643894,0.0004371835155114059,8,0,0.033390584558867384,0.012902601027650923,london,2,True,bear,-1,1.1705777734956517,0,0,1.1935291024640466,2.55282668427919,normal,0,0.3045523906408954,0.6954476093591045,1.1705777734956517,2.37156016448467,2021-03-22 08:15:00,5.0,0.6423949661371948,0.62,3,baseline,both,all_sessions,0.6423949661371948,30.527168851188947,5927.179975083561,13.682077872027627,0.006
36,2021-03-22 10:10:00,1731.22,bear,fvg,1728.1297384799689,1734.3102615200312,1.5451307600155653,1,1.0,47.48744082611428,47.77710128951536,1.1566224609702869,0.0005571299060832359,10,0,0.03244236113595979,0.013808346530254183,london,2,True,bear,-1,1.4820752128298156,0,0,1.3040304662508948,1.0318229225378148,normal,0,0.3045523906408954,0.6954476093591045,1.4820752128298156,1.8315601975147047,2021-03-22 11:25:00,75.0,0.6531533230658738,0.62,3,baseline,both,all_sessions,0.6531533230658738,31.34020020420317,5958.520175287764,11.649499489492063,0.006
37,2021-03-22 12:55:00,1733.4,bear,fvg,1731.2476736278936,1735.5523263721066,1.0761631860531964,0,-1.0,62.39259565057913,16.50113690723541,0.8652466615163888,0.00031161987042432676,12,0,0.0337424410491288,0.01256650678454647,off,0,False,bear,-1,1.1429493369969426,0,0,0.8875966103962143,-1.191627319101147,normal,0,0.2826805696846387,0.7173194303153613,1.1429493369969426,1.2358720473218114,2021-03-22 13:00:00,5.0,0.768047614751505,0.62,3,baseline,both,all_sessions,0.768047614751505,-42.690435143396385,5915.829740144367,16.726087858490978,0.006
38,2021-03-22 13:55:00,1736.28,bear,fvg,1733.857219490377,1738.702780509623,1.2113902548114213,1,1.0,57.69970238088885,34.89154525579482,0.9519294586138238,0.0004529973487577982,13,0,0.03545997781515013,0.010925911157189605,new_york,3,True,bear,-1,1.1144220408230812,0,0,0.996364081376997,-0.3273455788826444,normal,0,0.2826805696846387,0.7173194303153613,1.1144220408230812,1.708780462595166,2021-03-22 14:05:00,10.0,0.8128230169593995,0.62,3,baseline,both,all_sessions,0.8128230169593995,30.05641578227777,5945.886155926644,14.85896054430557,0.006
39,2021-03-22 16:45:00,1737.42,bear,fvg,1733.679614262539,1741.1603857374612,1.8701928687305667,1,1.0,62.234017167544984,13.942078712878088,0.8854166666666666,0.0006914976924721988,16,0,0.03613983611836699,0.010276508721360761,new_york,3,True,bear,-1,1.053367293255271,0,0,1.2846645541545212,0.2963190467372589,normal,0,0.18819938962360042,0.8118006103763996,1.053367293255271,1.2619019350671572,2021-03-23 03:20:00,635.0,0.720227618355003,0.62,3,baseline,both,all_sessions,0.720227618355003,32.15012968962543,5978.03628561627,9.62467577593641,0.006
40,2021-03-22 18:55:00,1740.4,bear,fvg,1737.9148965698482,1742.885103430152,1.242551715075913,1,1.0,66.01678958855251,17.300641681716886,1.1054558442718099,0.00043975899045209827,18,0,0.03791700957765303,0.008578947968053927,off,0,False,bear,-1,0.9496586626400271,0,0,0.853101201772399,-0.5214177700617905,normal,0,0.18819938962360042,0.8118006103763996,0.9496586626400271,1.1428095770752837,2021-03-23 02:25:00,450.0,0.7769004937877073,0.62,3,baseline,both,all_sessions,0.7769004937877073,30.205472566942618,6008.241758183212,14.486318582643465,0.006
41,2021-03-29 04:00:00,1729.51,bear,fvg,1727.7695075840022,1731.2504924159978,0.8702462079988502,1,1.0,33.755873251985605,18.57932857548087,3.681808302542925,0.0003149043006837604,4,0,0.00596771848189617,0.014782450183997382,off,0,False,bear,-1,1.9994341647304346,0,0,1.0000598127524236,5.095458467112611,normal,0,0.7619442143054438,0.23805578569455627,1.9994341647304346,2.551002210173331,2021-03-29 04:05:00,5.0,0.8067052368378832,0.62,3,baseline,both,all_sessions,0.8067052368378832,27.726479318357235,6035.96823750157,20.683801704106912,0.006
42,2021-03-29 05:55:00,1731.88,bear,fvg,1730.043919543931,1733.7160804560692,0.9180402280345205,1,1.0,56.986173118713864,20.570320731083488,1.1173543104832238,0.0003333509741922419,5,0,0.007346226552275765,0.01343237669898484,off,0,False,bear,-1,1.4923093326021473,0,0,1.1392534614328473,0.609745979080691,normal,0,0.7619442143054438,0.23805578569455627,1.4923093326021473,1.7101647096241415,2021-03-29 06:15:00,20.0,0.8942710554358801,0.62,3,baseline,both,all_sessions,0.8942710554358801,28.157206427201373,6064.125443928771,19.60698393199656,0.006
43,2021-03-29 08:30:00,1728.43,bear,fvg,1726.7197384602064,1730.1402615397938,0.8551307698968768,1,1.0,46.191603652804005,20.06645546342281,2.448330683624801,0.0002389938151956293,8,0,0.0053395375890650364,0.015397673544256191,london,2,True,bear,-1,1.1226353135623997,0,0,1.0863253198982536,2.612654426290018,normal,0,0.8464512565589632,0.15354874344103672,1.1226353135623997,2.911835344552374,2021-03-29 08:45:00,15.0,0.8936568674088481,0.62,3,baseline,both,all_sessions,0.8936568674088481,27.580235148282014,6091.705679077053,21.049412129294957,0.006
44,2021-03-29 10:35:00,1726.53,bear,fvg,1724.2267622862637,1728.8332377137363,1.1516188568681138,1,1.0,46.26125842318643,22.310169254183098,0.7376185458377239,0.0004592937895681425,10,0,0.004234404536861988,0.016480010937304217,london,2,True,bear,-1,1.1809462756616513,0,0,1.3005926498361544,-0.01123749236295621,normal,0,0.8464512565589632,0.15354874344103672,1.1809462756616513,1.3198811316219037,2021-03-29 11:15:00,40.0,0.6803941403095748,0.62,3,baseline,both,all_sessions,0.6803941403095748,29.747931481791984,6121.453610558845,15.630171295520038,0.006
45,2021-03-29 13:25:00,1726.3,bear,fvg,1724.566863105981,1728.033136894019,0.8665684470095355,0,-1.0,58.74003460717508,26.57866097537683,1.1474338018960446,0.0002608514109822892,13,0,0.00410062527264793,0.016611030726988985,new_york,3,True,bear,-1,1.0501190103796163,0,0,0.9079403368219156,-0.2325223447948314,normal,0,0.8729632698149709,0.12703673018502912,1.0501190103796163,1.7425051710697415,2021-03-29 13:50:00,25.0,0.9283961117920517,0.62,3,baseline,both,all_sessions,0.9283961117920517,-44.30863392827983,6077.144976630565,20.77158482069957,0.006
46,2021-03-29 14:30:00,1727.3,bear,fvg,1725.5441436318526,1729.0558563681473,0.8779281840736106,1,1.0,58.781885054455344,22.650831597795825,1.3235029670922496,0.00034232218006563693,14,0,0.004682274247491612,0.016041379467490048,new_york,3,True,bear,-1,1.3212925852515898,0,0,0.9295728218852021,0.47849079789001736,normal,0,0.8729632698149709,0.12703673018502912,1.3212925852515898,1.4807589317478642,2021-03-29 14:55:00,25.0,0.8545342610766602,0.62,3,baseline,both,all_sessions,0.8545342610766602,27.7988736087826,6104.943850239348,20.50281597804349,0.006
47,2021-03-29 15:50:00,1722.94,bear,fvg,1720.2230991382162,1725.656900861784,1.3584504308919543,0,-1.0,36.75777204202243,17.158936975540026,1.5191966922622564,0.0006110033952353081,15,0,0.0021462847171732176,0.018525058958905348,new_york,3,True,bear,-1,0.9569727171762746,0,0,1.3925568867577784,2.189258527371498,normal,0,0.8729632698149709,0.12703673018502912,0.9569727171762746,2.0022813774766033,2021-03-29 16:00:00,10.0,0.706764263243977,0.62,3,baseline,both,all_sessions,0.706764263243977,-41.300156587438096,6063.643693651909,13.250391468595224,0.006
48,2021-03-29 19:55:00,1713.19,bear,fvg,1710.4795126154374,1715.9004873845627,1.3552436922813467,1,1.0,48.849176148112505,21.212029314975656,1.3423279213354675,0.0004710799913271508,19,0,0.0044206021164951564,0.02407915873901996,off,0,False,bear,-1,1.3281744163442135,0,0,0.9082560784957889,-0.4947659487772103,normal,0,0.8486247741417392,0.15137522585826083,1.3281744163442135,1.6380817801579248,2021-03-29 21:00:00,65.0,0.8598516982043554,0.62,3,baseline,both,all_sessions,0.8598516982043554,30.687302334622853,6094.330995986532,13.281744163442871,0.006
49,2021-03-29 20:55:00,1711.61,bear,fvg,1709.3385627063628,1713.881437293637,1.1357186468184959,0,-1.0,40.258161334419285,14.951938786384924,0.9602803738317757,0.0004277631798339188,20,0,0.003494269046990771,0.024979207729028365,off,0,False,bear,-1,1.144649692634606,0,0,0.7483422424838567,-0.7410347919734364,normal,0,0.8763300542059855,0.12366994579401448,1.144649692634606,1.2503096642623048,2021-03-30 03:40:00,405.0,0.8190790772487283,0.62,3,baseline,both,all_sessions,0.8190790772487283,-42.33959829766749,6051.991397688865,15.848995744168747,0.006
50,2021-03-30 01:35:00,1713.03,bear,fvg,1711.7186223668361,1714.3413776331638,0.6556888165818752,1,1.0,63.70588709374527,20.335445634539116,0.6049267227938884,0.00022755517710137642,1,1,0.004326796236038977,0.024170302940539838,asia,1,True,bear,-1,1.0828307301339788,0,0,0.4476721890834493,-1.1660024068303063,low,1,0.8492270628387875,0.1507729371612126,1.0828307301339788,1.1285841412663564,2021-03-30 01:55:00,20.0,0.8996817353397553,0.62,3,baseline,both,all_sessions,0.8996817353397553,17.51342692975402,6069.504824618619,19.216432675614946,0.0042
51,2021-03-30 03:00:00,1711.12,bear,fvg,1709.4631812201637,1712.776818779836,0.8284093899180596,0,-1.0,45.551421238131255,14.53669136838705,1.7899358324890238,0.00029308964107869383,3,1,0.003206988538093864,0.02525833684618285,asia,1,True,bear,-1,0.9777774248554719,0,0,0.7026023448914765,0.3629372450867211,normal,0,0.8492270628387875,0.1507729371612126,0.9777774248554719,1.4364878217010082,2021-03-30 03:25:00,25.0,0.64063837902874,0.62,3,baseline,both,all_sessions,0.64063837902874,-44.69135488760213,6024.813469731017,21.728387219005345,0.006
52,2021-03-30 04:00:00,1714.33,bear,fvg,1712.5105207217644,1716.1494792782355,0.9097396391177552,1,1.0,64.18538432005232,20.178815551043847,2.4676375404530746,0.0003629834987367323,4,1,0.005660886500692131,0.02342975630319125,off,0,False,bear,-1,1.2860822478115659,0,0,0.9198332883051674,2.9663981255050964,normal,0,0.9383615596691633,0.06163844033083662,1.2860822478115659,2.3413292203750813,2021-03-30 04:15:00,15.0,0.8872838711924995,0.62,3,baseline,both,all_sessions,0.8872838711924995,28.08564770577422,6052.899117436791,19.78588073556445,0.006
53,2021-03-30 05:35:00,1707.53,bear,fvg,1705.4137777171209,1709.646222282879,1.058111141439537,1,1.0,28.31282139488347,27.17214297236345,1.1676646706586826,0.0004300981705582612,5,1,0.0016718680338831387,0.02730338486778398,off,0,False,bear,-1,0.9167278955973978,0,0,1.196093790182077,1.3848598268166543,normal,0,0.9383615596691633,0.06163844033083662,0.9167278955973978,1.1435471687349006,2021-03-30 05:55:00,20.0,0.6467765843166986,0.62,3,baseline,both,all_sessions,0.6467765843166986,29.195421805875284,6082.0945392426665,17.01144548531179,0.006
54,2021-03-30 06:40:00,1708.01,bear,fvg,1706.0637548390134,1709.9562451609866,0.9731225804933203,1,1.0,47.68802596523899,37.005546824246316,0.575785869903517,0.0003671726529334722,6,1,0.001953445808010845,0.02702995226322448,off,0,False,bear,-1,1.0584483606143622,0,0,1.1233655523256632,-1.1791469137857806,normal,0,0.9383615596691633,0.06163844033083662,1.0584483606143622,1.1612103373729474,2021-03-30 08:35:00,115.0,0.7697344038051686,0.62,3,baseline,both,all_sessions,0.7697344038051686,28.60113767337484,6110.6956769160415,18.49715581656289,0.006
55,2021-03-30 09:05:00,1705.98,bear,fvg,1703.7597040140304,1708.2002959859697,1.1101479929848137,0,-1.0,45.68684401532283,27.085339707101916,1.4375100272741859,0.0004162708451232684,9,1,0.006210740511368647,0.0281863443200073,london,2,True,bear,-1,1.0809369629842325,0,0,1.2570829204578096,1.2087257009566883,normal,0,0.9560073321113169,0.043992667888683105,1.0809369629842325,1.711483524724847,2021-03-30 09:15:00,10.0,0.706132944736298,0.62,3,baseline,both,all_sessions,0.706132944736298,-42.48562177790511,6068.210055138136,16.214054444762766,0.006
56,2021-03-30 12:30:00,1696.72,bear,fvg,1693.8555806364725,1699.5844193635276,1.4322096817637957,1,1.0,35.623497732520605,25.785011090151308,1.1997273346966597,0.0005162493447109655,12,1,0.010692352138768292,0.03346131498296743,off,0,False,bear,-1,1.3824791336151334,0,0,1.189031117354498,0.17767653423273683,normal,0,0.9345416612335379,0.06545833876646209,1.3824791336151334,1.4173902228478068,2021-03-30 13:50:00,80.0,0.8768697300573944,0.62,3,baseline,both,all_sessions,0.8768697300573944,30.972803150490364,6099.182858288626,12.567992123774088,0.006
57,2021-03-30 13:50:00,1693.69,bear,fvg,1691.3006923282821,1696.079307671718,1.1946538358589553,1,1.0,27.192769648318517,38.62112231743595,1.8484698914116486,0.0003835516697334344,13,1,0.008887459270775671,0.03518735829924919,new_york,3,True,bear,-1,1.3560413496978494,0,0,0.9620103363879136,1.0073360268635625,normal,0,0.9345416612335379,0.06545833876646209,1.3560413496978494,1.8415376353923032,2021-03-30 14:00:00,10.0,0.823690068285314,0.62,3,baseline,both,all_sessions,0.823690068285314,29.97314955689805,6129.156007845524,15.067126107754866,0.006
58,2021-03-31 13:30:00,1688.88,bear,fvg,1686.8197884675383,1690.940211532462,1.030105766230958,1,1.0,67.73600542609095,14.489118967872049,1.3659757963555432,0.0003968826350019961,13,2,0.006567890050421495,0.03792738085743903,new_york,3,True,bear,-1,1.6600237141247498,0,0,0.8852459015435011,0.3431346881005928,normal,0,0.8764175257731942,0.12358247422680578,1.6600237141247498,2.0095023907827083,2021-03-31 14:20:00,50.0,0.7845744613241803,0.62,3,baseline,both,all_sessions,0.7845744613241803,29.01042646684303,6158.1664343123675,17.473933832892417,0.006
59,2021-03-31 21:25:00,1711.0,bear,fvg,1708.2113313268658,1713.7886686731342,1.3943343365670748,1,1.0,55.175361052223245,34.61953818076834,0.9463204351842349,0.000438159374653371,21,2,0.01975134993384436,0.02532669499732266,off,0,False,bear,-1,1.3339698745275963,0,0,0.8397975448942026,-0.8435170329809203,normal,0,0.615463917525772,0.384536082474228,1.3339698745275963,1.3554855176652827,2021-03-31 21:45:00,20.0,0.9801636894585275,0.62,3,baseline,both,all_sessions,0.9801636894585275,30.83624564698981,6189.002679959357,12.90938588252547,0.006
60,2021-04-01 08:35:00,1714.05,bear,fvg,1711.9946671606594,1716.1053328393405,1.0276664196702436,1,1.0,72.22814020690069,16.260475002246018,1.9628173042545585,0.00027017594187480774,8,3,0.021569141644714133,0.022168850654055328,london,2,True,bear,-1,1.3817713343747218,0,0,1.1217434542356421,1.6821235072666443,normal,0,0.48914057295136504,0.510859427048635,1.3817713343747218,1.9753491611133471,2021-04-01 09:10:00,35.0,0.8474479800372596,0.65,4,balanced_core,both,london_only,0.8474479800372596,28.993835487676776,6217.996515447034,17.515411280808063,0.006
61,2021-04-01 09:40:00,1717.19,bear,fvg,1714.607816101434,1719.772183898566,1.2910919492830046,1,1.0,71.94451952424902,15.767232073418187,1.7619603267211201,0.0005712287802527861,9,3,0.02344057311098671,0.020377543627453792,london,2,True,bear,-1,2.2539060843932317,0,0,1.3811073793520556,3.0378714371422055,normal,0,0.48914057295136504,0.510859427048635,2.2539060843932317,2.3855775738593796,2021-04-01 09:55:00,15.0,0.6588701039751963,0.65,4,balanced_core,both,london_only,0.6588701039751963,30.423325152016826,6248.419840599051,13.94168711995794,0.006
62,2021-04-05 08:40:00,1724.5,bear,fvg,1723.484457672168,1725.515542327832,0.5077711639159531,1,1.0,40.50118125669479,20.37348572875945,1.2664359861591696,0.00016622449339281985,8,0,0.027797313244251668,0.012720985618759747,london,2,True,bear,-1,1.3982676655454118,0,0,0.6915993146666298,0.3803802303838043,low,1,0.3100493755445846,0.6899506244554153,1.3982676655454118,2.0678606321444275,2021-04-05 08:50:00,10.0,0.7243753707757069,0.65,4,balanced_core,both,london_only,0.7243753707757069,15.274268965707318,6263.694109564758,24.814327585731704,0.0042
63,2021-04-05 10:05:00,1727.81,bear,fvg,1725.9524320422138,1729.667567957786,0.9287839788931143,1,1.0,69.14624827309049,23.18652879466757,1.4044310927525347,0.0004755271471171271,10,0,0.029770064248507054,0.010826005312814923,london,2,True,bear,-1,2.271787679320771,0,0,1.2935724981137788,1.985268283597947,normal,0,0.3100493755445846,0.6899506244554153,2.271787679320771,2.4440559393641483,2021-04-05 10:20:00,15.0,0.8109245556014886,0.65,4,balanced_core,both,london_only,0.8109245556014886,28.24792829805169,6291.94203786281,19.38017925487078,0.006
64,2021-04-13 07:05:00,1731.26,bear,fvg,1729.8188351432802,1732.7011648567197,0.7205824283598831,1,1.0,32.703952166908664,24.025353752595176,1.0,0.00024498546588569946,7,1,0.03182625487227784,0.015580043897058039,london,2,True,bear,-1,1.1240906912531654,0,0,0.8948528831638217,-0.3624736745907997,normal,0,0.3558168316831675,0.6441831683168325,1.1240906912531654,1.2767449826577877,2021-04-13 07:30:00,25.0,0.8763183858291301,0.65,4,balanced_core,both,london_only,0.8763183858291301,26.008082744415532,6317.9501206072255,24.979793138961163,0.006
65,2021-04-13 08:30:00,1726.58,bear,fvg,1724.7005131051067,1728.4594868948932,0.9397434474466024,1,1.0,22.234255793685776,28.934219101991193,3.7340548898337844,0.0003913206229261321,8,1,0.0290369875913366,0.01824116088385484,london,2,True,bear,-1,2.596453326309252,0,0,1.225753628450031,3.2757657309978807,normal,0,0.37574257425742646,0.6242574257425735,2.596453326309252,3.2774902643576715,2021-04-13 09:35:00,65.0,0.8220309064628373,0.65,4,balanced_core,both,london_only,0.8220309064628373,28.338334446956708,6346.288455054182,19.154163882608227,0.006
66,2021-04-13 10:20:00,1725.83,bear,fvg,1723.5519409251601,1728.1080590748397,1.1390295374198751,0,-1.0,45.72887798884428,32.82343667055263,0.8073394495412844,0.0003722757639045094,10,1,0.028589989629647306,0.018667621939431243,london,2,True,bear,-1,1.0008520082650323,0,0,1.3349335887201752,0.27014790383846743,normal,0,0.37574257425742646,0.6242574257425735,1.0008520082650323,1.193998887053266,2021-04-13 10:35:00,15.0,0.9648754053963549,0.65,4,balanced_core,both,london_only,0.9648754053963549,-42.32117057851656,6303.967284475666,15.802926446291384,0.006
67,2021-04-14 08:30:00,1741.01,bear,fvg,1739.421365466115,1742.598634533885,0.7943172669424609,0,-1.0,25.509304152762596,27.508621530859095,3.063981646698955,0.00020418272445764819,8,2,0.03763722837423867,0.010036050174564777,london,2,True,bear,-1,1.1708167991612242,0,0,1.1045262282247126,2.9676485730514033,normal,0,0.16076732673267302,0.839232673267327,1.1708167991612242,1.9891296157790563,2021-04-14 08:45:00,15.0,0.9412985459042633,0.65,4,balanced_core,both,london_only,0.9412985459042633,-45.064388122537764,6258.902896353128,22.660970306344428,0.006
68,2021-04-26 08:20:00,1781.25,bear,fvg,1780.194777597551,1782.305222402449,0.5276112012245358,0,-1.0,55.25344732386613,13.837708458536705,1.0796723752792254,0.0002021479852081826,8,0,0.033387480420026656,0.009249783077847303,london,2,True,bear,-1,1.2130144290241005,0,0,0.7363242120374244,-0.7860723944845447,normal,0,0.24669722297115348,0.7533027770288465,1.2130144290241005,1.3646412326519515,2021-04-26 08:30:00,10.0,0.7305545289255299,0.65,4,balanced_core,both,london_only,0.7305545289255299,-49.64641232651877,6209.2564840266095,34.116030816296906,0.006
69,2021-04-26 09:20:00,1777.5,bear,fvg,1775.2483659720644,1779.7516340279356,1.1258170139677917,1,1.0,32.610147073826425,26.329297976861195,1.7806244995996798,0.0005289320137258553,9,0,0.03121192782966871,0.01133557300820973,london,2,True,bear,-1,1.5188969244418946,0,0,1.5089723080191961,1.8639618142856937,normal,0,0.24669722297115348,0.7533027770288465,1.5188969244418946,1.6343686204521917,2021-04-26 09:35:00,15.0,0.8578886822814538,0.65,4,balanced_core,both,london_only,0.8578886822814538,29.604644528665755,6238.861128555275,15.988388678335617,0.006
70,2021-04-27 08:00:00,1780.53,bear,fvg,1779.139207075697,1781.920792924303,0.6953964621515479,0,-1.0,57.49539295474306,31.12072024207996,1.0187265917602997,0.00027513586646345657,8,1,0.03296977432267792,0.009650254744476904,london,2,True,bear,-1,1.3517468827662804,0,0,0.9483606644298646,-0.7278022123028061,normal,0,0.25208951199784346,0.7479104880021565,1.3517468827662804,1.7112540324381424,2021-04-27 08:35:00,35.0,0.7262094521597007,0.65,4,balanced_core,both,london_only,0.7262094521597007,-46.35380591055025,6192.507322644725,25.884514776375603,0.006
71,2021-04-27 09:00:00,1781.77,bear,fvg,1780.0438208406547,1783.4961791593453,0.8630895796726759,1,1.0,55.913496990964966,32.0956748595281,1.8762278978388998,0.00036572829732735556,9,1,0.033689157045889616,0.008960553540837055,london,2,True,bear,-1,1.425112791266107,0,0,1.1589259994249852,1.7778480111113961,normal,0,0.25208951199784346,0.7479104880021565,1.425112791266107,2.1782211768943682,2021-04-27 09:55:00,55.0,0.9471401694237914,0.65,4,balanced_core,both,london_only,0.9471401694237914,27.65787634380799,6220.165198988533,20.85530914048002,0.006
72,2021-04-27 10:00:00,1781.54,bear,fvg,1779.5679837776293,1783.5120162223707,0.9860081111853264,1,1.0,54.54214664592245,18.3259971329203,1.1137581893984514,0.00043417331184273473,10,1,0.03355572315368099,0.009088481989899295,london,2,True,bear,-1,1.2170285278459518,0,0,1.2512210724418011,1.350754350049177,normal,0,0.25208951199784346,0.7479104880021565,1.2170285278459518,1.815400887370106,2021-04-27 10:45:00,45.0,0.8411828860185444,0.65,4,balanced_core,both,london_only,0.8411828860185444,28.697828832924785,6248.863027821458,18.25542791768804,0.006
73,2021-05-18 15:30:00,1874.59,bear,fvg,1872.3236691054149,1876.856330894585,1.133165447292575,1,1.0,75.34430742969748,29.457143434619862,2.1804890345349133,0.0005028176856628913,15,1,0.058797282108342834,0.0002346629120601028,new_york,3,True,range,0,1.4296235416200604,0,0,1.1597591542012409,4.50295144024301,normal,0,0.03596709393533568,0.9640329060646643,1.4296235416200604,1.8179163553934845,2021-05-18 15:40:00,10.0,0.8397341122089628,0.58,5,balanced_core,fvg_only,no_london,0.8397341122089628,29.64611759279903,6278.509145414257,15.884706018002419,0.006
74,2021-05-20 13:55:00,1868.88,bull,fvg,1871.5605605359845,1866.1994394640158,1.3402802679921293,1,1.0,50.709122679812126,34.71240829220607,1.3882863340563991,0.0005426105014813836,13,3,0.0450653976704003,0.011221687856133734,new_york,3,True,range,0,1.02963539265372,0,0,1.104422841627838,0.25678803010733264,normal,0,0.18320235756384942,0.8167976424361506,1.02963539265372,1.231085795564201,2021-05-20 14:20:00,25.0,0.7409147863625952,0.58,5,balanced_core,fvg_only,no_london,0.7409147863625952,30.62798925572031,6309.137134669977,13.43002686069922,0.006
75,2021-05-20 15:10:00,1870.8,bull,fvg,1873.4063209865174,1868.1936790134826,1.3031604932587204,0,-1.0,50.77789999278553,22.77442681447719,1.1467764060356653,0.0004608885122906408,15,3,0.04613904903567095,0.01020586321286286,new_york,3,True,range,0,1.0052483993925583,0,0,1.0828241112306023,0.8839344664358385,normal,0,0.18320235756384942,0.8167976424361506,1.0052483993925583,1.1894160450828126,2021-05-20 15:20:00,10.0,0.7497047459220728,0.58,5,balanced_core,fvg_only,no_london,0.7497047459220728,-41.5250293707075,6267.612105299269,13.812573426768752,0.006
76,2021-05-21 15:10:00,1880.34,bear,fvg,1877.8749489500033,1882.8050510499966,1.232525524998294,0,-1.0,62.40467935435908,14.524438023052026,1.785063752276867,0.0003591976777131725,15,4,0.03956832543662264,0.00515848451661032,new_york,3,True,range,0,1.4117354689286596,0,0,1.4438735018496751,2.643059039814897,normal,0,0.0370142646335464,0.9629857353664536,1.4117354689286596,2.2230776924508735,2021-05-21 15:20:00,10.0,0.6700198953929367,0.58,5,balanced_core,fvg_only,no_london,0.6700198953929367,-41.8416640093598,6225.770441289909,14.60416002339951,0.006
77,2021-05-24 15:25:00,1884.58,bull,fvg,1886.706556909253,1882.4534430907468,1.0632784546265779,0,-1.0,71.26218171478232,20.32110864326207,1.319567354965585,0.00032312981933143133,15,0,0.04191245984840524,0.0029152050960536222,new_york,3,True,range,0,1.0345361511027962,0,0,1.1582018975140982,1.1032252610184266,normal,0,0.12346286276438725,0.8765371372356128,1.0345361511027962,1.175609262616911,2021-05-24 15:45:00,20.0,0.7306946554027824,0.58,5,balanced_core,fvg_only,no_london,0.7306946554027824,-42.77150935267338,6182.998931937236,16.928773381683424,0.006
78,2021-05-25 13:30:00,1882.06,bull,fvg,1884.2271531371293,1879.8928468628706,1.0835765685647119,1,1.0,44.087599797520156,20.103555640134232,1.3294500599623094,0.0004281411660971854,13,1,0.04051924788668541,0.004248474940346742,new_york,3,True,range,0,1.0520714761395458,0,0,1.0094483754650936,-0.3973496214486732,normal,0,0.08349729463846493,0.9165027053615351,1.0520714761395458,1.3289323909128343,2021-05-25 14:05:00,35.0,0.6604423224462418,0.58,5,balanced_core,fvg_only,no_london,0.6604423224462418,29.35533804543493,6212.354269982671,16.611654886412683,0.006
79,2021-05-25 14:35:00,1881.79,bull,fvg,1883.8820396171348,1879.6979603828652,1.0460198085673433,1,1.0,43.43481323584941,11.794991168515297,1.2875136059710774,0.0003868328021315971,14,1,0.04036997517650115,0.00439132528080671,new_york,3,True,range,0,1.0707254210932202,0,0,0.984321603771443,0.29633417572454523,normal,0,0.08349729463846493,0.9165027053615351,1.0707254210932202,1.3001665827560376,2021-05-25 15:10:00,35.0,0.6428024224633063,0.58,5,balanced_core,fvg_only,no_london,0.6428024224633063,29.11676515011607,6241.471035132788,17.20808712470982,0.006
80,2021-05-25 15:35:00,1884.22,bull,fvg,1886.824852162933,1881.615147837067,1.3024260814664639,0,-1.0,57.916963010027864,11.532957985461204,1.9157984265362533,0.00045301592316490864,15,1,0.041713429568159606,0.0031056722166668735,new_york,3,True,range,0,1.527917805330935,0,0,1.1895333019152747,3.9414815018303533,normal,0,0.08349729463846493,0.9165027053615351,1.527917805330935,2.387851444512077,2021-05-25 16:05:00,30.0,0.9341219780795329,0.58,5,balanced_core,fvg_only,no_london,0.9341219780795329,-41.52814482330781,6199.9428903094795,13.820362058269545,0.006
81,2021-05-26 13:15:00,1906.47,bull,fvg,1908.815375187708,1904.124624812292,1.1726875938539796,1,1.0,48.47479400550369,16.18159466828704,0.9783349230140347,0.0005305150739611437,13,2,0.0540146066111225,0.0032780200131748076,new_york,3,True,range,0,1.1000372194272496,0,0,1.0236692367699831,-0.619808246107607,normal,0,0.04520534769645133,0.9547946523035487,1.1000372194272496,1.2023662630950045,2021-05-26 14:00:00,45.0,0.8076641189568776,0.58,5,balanced_core,fvg_only,no_london,0.8076641189568776,29.860257379940833,6229.80314768942,15.349356550147922,0.006
82,2021-05-26 15:20:00,1909.18,bull,fvg,1911.9505165677133,1906.4094834322868,1.385258283856628,1,1.0,60.99438260006416,13.684931868439639,1.5968586387434556,0.0006527291072079413,15,2,0.055512862331860924,0.0018612043455984322,new_york,3,True,range,0,3.1329897468054617,0,0,1.2114937669681245,3.166098769509373,normal,0,0.04520534769645133,0.9547946523035487,3.1329897468054617,3.3567747287200906,2021-05-26 15:30:00,10.0,0.6769104594068911,0.58,5,balanced_core,fvg_only,no_london,0.6769104594068911,30.802413323272166,6260.605561012692,12.993966691819574,0.006
83,2021-05-27 14:25:00,1893.32,bull,fvg,1895.9490626422958,1890.6909373577041,1.3145313211479421,1,1.0,38.42556847331221,19.9978736184154,1.7637496613383905,0.0005809488082432827,14,3,0.046744472763258986,0.010152974267281529,new_york,3,True,range,0,2.25936039120499,0,0,1.2943569053795658,2.656691840472562,normal,0,0.14763874194479085,0.8523612580552091,2.25936039120499,2.2973967614272617,2021-05-27 14:50:00,25.0,0.6459989985249511,0.58,5,balanced_core,fvg_only,no_london,0.6459989985249511,30.52276268798782,6291.12832370068,13.693093280030446,0.006
84,2021-06-02 07:25:00,1896.3,bull,fvg,1898.0166293137295,1894.5833706862704,0.8583146568647576,1,1.0,35.92786424965513,27.671563962463264,0.7002938295788443,0.00030438681288580166,7,2,0.023792941481349472,0.010581348026171604,london,2,True,range,0,1.04856650507123,0,0,1.0866137021721425,-0.905487273999896,normal,0,0.31577311577311523,0.6842268842268848,1.04856650507123,1.3398349787018329,2021-06-02 08:35:00,70.0,0.7873787103899329,0.65,6,baseline,both,killzone_only,0.7873787103899329,27.611467959431067,6318.739791660111,20.97133010142234,0.006
85,2021-06-02 08:45:00,1899.99,bull,fvg,1901.8228124480236,1898.1571875519764,0.9164062240118179,0,-1.0,66.98137616444318,22.437740474056646,2.319105227117096,0.00036190904046891283,8,2,0.02578513467549926,0.008656043577622598,london,2,True,range,0,1.080306936007063,0,0,1.1612154486028106,1.5170404385298253,normal,0,0.3135975135975115,0.6864024864024885,1.080306936007063,1.211253231280526,2021-06-02 09:00:00,15.0,0.7189974679284258,0.65,6,baseline,both,killzone_only,0.7189974679284258,-43.85677771641525,6274.883013943696,19.641944291038136,0.006
86,2021-06-02 15:10:00,1903.74,bull,fvg,1906.4007224854045,1901.0792775145956,1.330361242702226,1,1.0,78.70125282753749,24.105005132091375,1.785183612821057,0.0004870527840831322,15,2,0.02780972125491974,0.00669943336568258,new_york,3,True,range,0,0.969661441263667,0,0,1.2803563793796624,2.5605539338993455,normal,0,0.1858585858585867,0.8141414141414133,0.969661441263667,1.503351071726658,2021-06-02 15:30:00,20.0,0.7285720586806155,0.65,6,baseline,both,killzone_only,0.7285720586806155,30.587936141784027,6305.47095008548,13.530159645539937,0.006
87,2021-06-03 13:20:00,1897.33,bull,fvg,1899.8363236465843,1894.8236763534155,1.2531618232922082,0,-1.0,66.59095931887167,31.418169020944667,1.168057210965435,0.0003629146132164455,13,3,0.01719331353269782,0.010043932421292093,new_york,3,True,range,0,1.0293961849324273,0,0,1.229091643405679,0.03914025784738055,normal,0,0.6691348402182378,0.3308651597817623,1.0293961849324273,1.1730328618997976,2021-06-03 13:30:00,10.0,0.6510061595866562,0.65,6,baseline,both,killzone_only,0.6510061595866562,-41.7454670786928,6263.725483006787,14.363667696732008,0.006
88,2021-06-07 08:20:00,1887.08,bear,fvg,1885.6670775854552,1888.4929224145446,0.706461207272371,1,1.0,55.50106368025347,12.90121888925413,1.4305364511691885,0.00025728378929270603,8,0,0.017019671247642105,0.015392000333928143,london,2,True,range,0,1.2881103599634884,0,0,0.9667426259479844,-0.34713677220793154,normal,0,0.5219384413883419,0.47806155861165817,1.2881103599634884,1.4013508311693068,2021-06-07 08:30:00,10.0,0.7660474015516328,0.65,6,baseline,both,killzone_only,0.7660474015516328,25.808357591495806,6289.533840598283,25.479106021260474,0.006
89,2021-06-11 08:30:00,1900.28,bear,fvg,1898.9455115019002,1901.6144884980997,0.6672442490498922,1,1.0,55.48996430157097,13.824200273582306,3.0930045564191904,0.00020312741083797987,8,4,0.024133656696308257,0.008504732387899255,london,2,True,range,0,1.004130048260595,0,0,0.9493337402789565,1.7017989471338502,normal,0,0.3510150622134881,0.6489849377865119,1.004130048260595,2.5477926597654803,2021-06-11 09:00:00,30.0,0.6821583751620668,0.65,6,baseline,both,killzone_only,0.6821583751620668,25.20934873511088,6314.743189333394,26.97662816222281,0.006
90,2021-06-11 13:45:00,1891.06,bear,fvg,1888.645378349641,1893.4746216503588,1.2073108251794207,1,1.0,33.86865760498668,37.99356612270807,0.7464324917672887,0.00040153035939924895,13,4,0.019164645648073266,0.013315384695655795,new_york,3,True,range,0,1.1513190895091407,0,0,1.2861867698056297,-0.7375076580681077,normal,0,0.5296332678454477,0.47036673215455227,1.1513190895091407,1.3832394816404392,2021-06-11 14:10:00,25.0,0.6947756791289837,0.65,6,baseline,both,killzone_only,0.6947756791289837,30.036332773766095,6344.77952210716,14.90916806558476,0.006
91,2021-06-14 07:05:00,1862.76,bull,fvg,1865.4288769938626,1860.0911230061374,1.3344384969312941,1,1.0,38.19260583572882,44.3331816548544,1.997300944669366,0.0006594933050013707,7,0,0.003912691996766365,0.02808126976176311,london,2,True,range,0,1.3788571029921761,0,0,1.4092705500370863,1.7718163519230221,normal,0,0.836607727570399,0.16339227242960103,1.3788571029921761,1.955878825440001,2021-06-14 07:55:00,50.0,0.7013381471583017,0.65,6,baseline,both,killzone_only,0.7013381471583017,30.604472205682512,6375.383994312842,13.488819485793728,0.006
92,2021-06-14 08:40:00,1865.63,bull,fvg,1867.8703296151461,1863.389670384854,1.1201648075730357,0,-1.0,57.088273410272876,23.60583318368105,0.8698224852071006,0.00042744256775398385,8,0,0.005838904464093247,0.026583810746224953,london,2,True,range,0,0.9284348097432815,0,0,1.0929876496959599,-0.19875617472954524,normal,0,0.9465846552282299,0.05341534477177009,0.9284348097432815,1.0801981921049981,2021-06-14 09:00:00,20.0,0.93157290536389,0.65,6,baseline,both,killzone_only,0.93157290536389,-42.427625605913946,6332.9563687069285,16.069064014784853,0.006
93,2021-06-14 13:00:00,1855.93,bull,fvg,1858.6735965226494,1853.1864034773507,1.3717982613246227,0,-1.0,32.61278567043203,22.395435764596677,0.9710094306671324,0.0004740020929492779,13,0,0.006049534630333365,0.031644909161109826,new_york,3,True,range,0,1.7568180890335388,0,0,1.0566356236561225,-0.5768115462472296,normal,0,0.9501462191895289,0.04985378081047111,1.7568180890335388,2.106723766517597,2021-06-14 13:50:00,50.0,0.8310661585331056,0.65,6,baseline,both,killzone_only,0.8310661585331056,-41.24858516225801,6291.707783544671,13.121462905645023,0.006
94,2021-06-14 14:10:00,1854.73,bull,fvg,1857.8809783776674,1851.5790216223327,1.5754891888337128,0,-1.0,39.6733462452146,33.820399098267146,1.1228486646884273,0.0005392304504233483,14,0,0.005399047035673844,0.03227102442893065,new_york,3,True,range,0,1.4916002068789462,0,0,1.2014268609606507,-0.07785266125862769,normal,0,0.9501462191895289,0.04985378081047111,1.4916002068789462,1.6248921402597905,2021-06-14 15:05:00,55.0,0.8438021990291026,0.65,6,baseline,both,killzone_only,0.8438021990291026,-40.570009144480466,6251.13777440019,11.42502286120118,0.006
95,2021-06-14 15:20:00,1851.6,bull,fvg,1855.2481607478485,1847.9518392521513,1.8240803739243125,0,-1.0,38.398604733657606,40.15224835987573,2.2558060109289615,0.0006518314515771848,15,0,0.0037023585596035967,0.03390414175249665,new_york,3,True,range,0,1.1348184156746088,0,0,1.3278680957517808,3.7914435428102644,normal,0,0.9501462191895289,0.04985378081047111,1.1348184156746088,2.5273009160677544,2021-06-14 15:40:00,20.0,0.8178736498243323,0.65,6,baseline,both,killzone_only,0.8178736498243323,-39.94719448930316,6211.190579910887,9.867986223257898,0.006
96,2021-06-15 08:30:00,1865.89,bull,fvg,1867.6565475119855,1864.1234524880147,0.8832737559927244,1,1.0,63.92286449539094,23.670098379062953,3.146729522687095,0.00032050168397437464,8,1,0.011448581666007209,0.026448152438197117,london,2,True,range,0,2.0491948138614027,0,0,1.0323637512618349,0.8628279068051022,normal,0,0.7323492549784146,0.2676507450215853,2.0491948138614027,2.5813061743665724,2021-06-15 09:00:00,30.0,0.7024569946398125,0.65,6,baseline,both,killzone_only,0.7024569946398125,27.848506817789612,6239.039086728677,20.378732955525958,0.006
97,2021-06-15 09:35:00,1868.25,bull,fvg,1870.6119983480685,1865.8880016519315,1.1809991740341854,0,-1.0,64.09185513343483,33.3415420512304,1.448559670781893,0.0004525132224934362,9,1,0.012727873935504164,0.025216792411482915,london,2,True,range,0,1.278578370924654,0,0,1.2950615335200355,1.2932351164824054,normal,0,0.7323492549784146,0.2676507450215853,1.278578370924654,1.312447996644482,2021-06-15 10:55:00,80.0,0.7215833684554642,0.65,6,baseline,both,killzone_only,0.7215833684554642,-42.096532629574256,6196.942554099102,15.241331573935648,0.006
98,2021-06-15 16:05:00,1863.99,bull,fvg,1867.4275090949698,1860.5524909050303,1.7187545474849117,1,1.0,46.09153450138476,12.686770252571117,1.8229811102862328,0.0005076614697309815,16,1,0.010418642974462955,0.025109832635983258,new_york,3,True,range,0,1.1578151184600596,0,0,1.5914388555346002,2.063964013071312,normal,0,0.8876989439238442,0.11230105607615577,1.1578151184600596,1.8909040879372745,2021-06-15 16:25:00,20.0,0.7853771530349167,0.65,6,baseline,both,killzone_only,0.7853771530349167,31.8109201744158,6228.753474273518,10.472699563960498,0.006
99,2021-06-18 14:55:00,1794.13,bear,fvg,1791.3602522599872,1796.899747740013,1.384873870006477,1,1.0,57.657574642158,17.369553148429276,1.304053138132032,0.0005569634305434284,14,4,0.015181350082046147,0.05754148565665265,new_york,3,True,bear,-1,1.4225122176583587,0,0,1.0269284126436988,0.032712759721270836,normal,0,0.9270367382855464,0.0729632617144536,1.4225122176583587,1.747451556717403,2021-06-18 15:10:00,15.0,0.6645177121566935,0.65,6,baseline,both,killzone_only,0.6645177121566935,30.800970575055747,6259.554444848573,12.99757356236063,0.006
100,2021-06-21 07:40:00,1774.39,bear,fvg,1772.3273876557876,1776.4526123442126,1.0313061721063002,1,1.0,51.327226688826435,23.464280086885108,0.8432550518842162,0.0004768718112015912,7,0,0.007655132857443037,0.06791092994058842,london,2,True,bear,-1,0.9405548286586286,0,0,0.7761906821512629,-0.6829404144043625,normal,0,0.9144718408517806,0.08552815914821946,0.9405548286586286,1.367198256091229,2021-06-21 08:00:00,20.0,0.6632653912080978,0.65,6,baseline,both,killzone_only,0.6632653912080978,29.0185620965545,6288.573006945128,17.453594758613754,0.006
101,2021-06-22 14:05:00,1787.06,bear,fvg,1784.4547410961516,1789.6652589038483,1.3026294519241677,1,1.0,75.78272573846581,37.26818328822911,1.2232552929315559,0.0004943904414294511,14,1,0.014850276277606387,0.06125536463777867,new_york,3,True,bear,-1,1.1591938120004177,0,0,1.0983460458983307,0.4081919802660071,normal,0,0.9028439338750358,0.09715606612496422,1.1591938120004177,1.6274774049278395,2021-06-22 14:15:00,10.0,0.8486313199323201,0.65,6,baseline,both,killzone_only,0.8486313199323201,30.472718247415287,6319.045725192544,13.81820438146178,0.006
102,2021-06-22 15:25:00,1776.84,bear,fvg,1773.606844099573,1780.0731559004269,1.6165779502134696,1,1.0,27.542351934511245,24.80400909776518,2.0025456088247773,0.0006068020506857188,15,1,0.009046458933165144,0.06662394217485182,new_york,3,True,bear,-1,0.9031423444859203,0,0,1.2852347051525699,3.4002992887129446,normal,0,0.9028439338750358,0.09715606612496422,0.9031423444859203,1.4351303008268668,2021-06-22 15:35:00,10.0,0.7332927875440165,0.65,6,baseline,both,killzone_only,0.7332927875440165,31.54614734226132,6350.591872534805,11.134631644346696,0.006
103,2021-06-29 08:05:00,1776.16,bear,fvg,1774.8695772829271,1777.450422717073,0.6452113585364673,0,-1.0,60.751062321849346,16.13342297993764,2.0692798541476756,0.0002518453477019891,8,1,0.008660294961128053,0.04975497014701791,london,2,True,bear,-1,1.8908532589496765,0,0,1.0141124038800209,0.7981851211190195,normal,0,0.9212009237875292,0.07879907621247088,1.8908532589496765,2.4178123639027262,2021-06-29 08:20:00,15.0,0.9249633648304647,0.65,6,baseline,both,killzone_only,0.9249633648304647,-47.15913398724368,6303.432738547561,27.89783496810918,0.006
104,2021-06-29 09:25:00,1776.03,bear,fvg,1774.3999856582464,1777.6600143417536,0.8150071708768569,1,1.0,44.93312701136509,22.494654390376134,0.99867197875166,0.00033479517618296463,9,1,0.008586469495885587,0.04982452010528799,london,2,True,bear,-1,0.9693166247236962,0,0,1.2523496923504487,0.3940364704737622,normal,0,0.9212009237875292,0.07879907621247088,0.9693166247236962,1.5091891752028086,2021-06-29 09:40:00,15.0,0.7156096228887949,0.65,6,baseline,both,killzone_only,0.7156096228887949,27.165721901251487,6330.598460448812,22.08569524687129,0.006
105,2021-06-29 13:30:00,1769.85,bear,fvg,1767.6781788953078,1772.021821104692,1.0859105523459947,1,1.0,42.34360316928644,19.792110488478787,0.9491381144924452,0.00045476245642718174,13,1,0.010944256264672703,0.05259861571320747,new_york,3,True,bear,-1,1.501044442821434,0,0,1.1290361175498196,-0.7941617214706813,normal,0,0.9653381025378986,0.03466189746210136,1.501044442821434,1.5839241973329659,2021-06-29 14:15:00,45.0,0.8101212962667022,0.65,6,baseline,both,killzone_only,0.8101212962667022,29.369619639071658,6359.968080087884,16.575950902320848,0.006
106,2021-06-29 14:30:00,1769.63,bear,fvg,1766.7026120540488,1772.5573879459514,1.4636939729756544,0,-1.0,51.019937376040964,30.682754660685813,1.8213058419243986,0.0006119315787684858,14,1,0.010818591526769476,0.05271638179764564,new_york,3,True,bear,-1,1.7694955693058831,0,0,1.4531506283424682,1.5571605972529916,normal,0,0.9653381025378986,0.03466189746210136,1.7694955693058831,1.9607923876090372,2021-06-29 14:35:00,5.0,0.8390598879055838,0.65,6,baseline,both,killzone_only,0.8390598879055838,-40.9190610420856,6319.049019045799,12.297652605213997,0.006
107,2021-06-29 15:40:00,1757.99,bear,ob,1752.7294026213513,1763.2505973786488,2.6302986893244094,1,1.0,25.903981514919366,22.743234996987983,2.1377784800126403,0.0014630472941122375,15,1,0.00416978448497447,0.05894727826519846,new_york,3,True,bear,-1,3.075696320282861,0,0,2.268365451134933,3.511238637271687,normal,0,0.9653381025378986,0.03466189746210136,3.075696320282861,3.8474717875479025,2021-06-29 15:50:00,10.0,0.7997809237943944,0.65,6,baseline,both,killzone_only,0.7997809237943944,33.26266829344412,6352.311687339243,6.843329266389708,0.006
108,2021-06-30 08:05:00,1759.5,bear,fvg,1757.7571955004505,1761.2428044995495,0.8714022497747286,1,1.0,41.78454697506479,26.907907083672058,0.8282922289436947,0.00036674888317138625,8,2,0.005032301549674668,0.05550992801584622,london,2,True,bear,-1,1.0672453510884137,0,0,1.2560022667431143,-0.8774200355450987,normal,0,0.948761361611121,0.051238638388878974,1.0672453510884137,1.4574210708410462,2021-06-30 08:40:00,35.0,0.7938657402915478,0.65,6,baseline,both,killzone_only,0.7938657402915478,27.737455346413014,6380.049142685656,20.656361633967457,0.006
109,2021-06-30 09:25:00,1759.6,bear,fvg,1757.5153385821122,1761.6846614178876,1.0423307089437859,1,1.0,53.69739998708904,32.600726302615676,1.416083916083916,0.00036283854462985563,9,2,0.005089421885085226,0.05545624855736464,london,2,True,bear,-1,0.9689822926002475,0,0,1.4585056894295445,1.4305661715881468,normal,0,0.948761361611121,0.051238638388878974,0.9689822926002475,1.045733365281386,2021-06-30 09:45:00,20.0,0.659047680635319,0.65,6,baseline,both,killzone_only,0.659047680635319,29.092403458691578,6409.141546144348,17.26899135327105,0.006
110,2021-06-30 14:20:00,1761.07,bear,fvg,1758.714885447713,1763.425114552287,1.1775572761435453,1,1.0,66.16357921113072,16.820444347184225,1.2060123784261716,0.00041657555569722795,14,2,0.005929090815621201,0.054667160517684776,new_york,3,True,bear,-1,0.9850900873363967,0,0,1.1145078868982101,0.12335767288876749,normal,0,0.9423453929780785,0.057654607021921454,0.9850900873363967,1.1039802702908892,2021-06-30 14:30:00,10.0,0.7654664898940549,0.65,6,baseline,both,killzone_only,0.7654664898940549,29.885647733773027,6439.027193878121,15.28588066556743,0.006
111,2021-07-13 15:00:00,1811.97,bear,fvg,1809.981066742952,1813.958933257048,0.9944666285239971,0,-1.0,70.95427265048662,16.214873539468325,2.5734783614903955,0.00043819424518586796,15,1,0.0350033415396215,0.003497714936232642,new_york,3,True,bear,-1,2.5541329665027286,0,0,1.134439257784811,3.9469203809952464,normal,0,0.26655824955647556,0.7334417504435244,2.5541329665027286,3.187638387328327,2021-07-13 15:15:00,15.0,0.8038191772321082,0.58,7,balanced_core,both,all_sessions,0.8038191772321082,-43.240061952291015,6395.787131925829,18.100154880727523,0.006
112,2021-07-22 10:00:00,1803.17,bear,fvg,1801.2250769819284,1805.1149230180717,0.9724615090358787,1,1.0,70.25883800188046,29.893889125016994,1.4798557767675184,0.00036192246430033135,10,3,0.006429827254207005,0.016847775711941126,london,2,True,bear,-1,1.6761588863461852,0,0,1.5378629096477132,2.4138896723522745,normal,0,0.8712871287128753,0.1287128712871247,1.6761588863461852,2.0977694037707417,2021-07-22 10:05:00,5.0,0.7135870095062602,0.58,7,balanced_core,both,all_sessions,0.7135870095062602,28.596107986691887,6424.383239912521,18.509730033270284,0.006
113,2021-07-22 11:00:00,1799.04,bear,fvg,1796.9757635779035,1801.1042364220964,1.0321182110482243,1,1.0,37.37433033348002,29.043705316930495,1.2644157287758788,0.00044196712000667564,11,3,0.004124689531995575,0.019099598161466017,london,2,True,bear,-1,1.46301071314925,0,0,1.4511635455816003,1.7814813865344215,normal,0,0.8712871287128753,0.1287128712871247,1.46301071314925,1.7439862805752315,2021-07-22 11:05:00,5.0,0.8371631630714638,0.58,7,balanced_core,both,all_sessions,0.8371631630714638,29.02405487769883,6453.4072947902205,17.439862805752927,0.006
114,2021-07-22 15:30:00,1801.54,bear,fvg,1797.7869663690763,1805.2930336309237,1.8765168154618863,0,-1.0,69.7579730125465,18.528314905367232,2.360491071428571,0.0007677325937308969,15,3,0.005520051349314806,0.017736509511632585,new_york,3,True,bear,-1,2.5952338715393752,0,0,1.7565191373511178,4.347085313461076,normal,0,0.7362093352192394,0.2637906647807607,2.5952338715393752,2.994910545801216,2021-07-22 15:40:00,10.0,0.6622807609451151,0.58,7,balanced_core,both,all_sessions,0.6622807609451151,-39.83689607291258,6413.570398717308,9.592240182281435,0.006
115,2021-07-23 07:10:00,1803.13,bear,fvg,1801.8702963417359,1804.3897036582644,0.6298518291321609,0,-1.0,43.89078110332309,13.47729567566177,0.6230071130733382,0.00020811124642775307,7,4,0.006407501465129918,0.016869585130338444,london,2,True,bear,-1,1.1113724968688874,0,0,1.1056070448739825,-0.9300307731868085,normal,0,0.7256011315417276,0.2743988684582724,1.1113724968688874,1.143125996779396,2021-07-23 08:20:00,70.0,0.6903036004705565,0.58,7,balanced_core,both,all_sessions,0.6903036004705565,-47.43125996779425,6366.139138749514,28.578149919485604,0.006
116,2021-07-23 09:15:00,1805.42,bear,fvg,1803.6397248510123,1807.2002751489879,0.8901375744938701,0,-1.0,63.37904967758293,17.225975365528562,1.97979797979798,0.00032875447239104745,9,4,0.007685652889794313,0.01562099592709104,london,2,True,bear,-1,2.0333935470922393,0,0,1.550987368183106,2.2662240701377625,normal,0,0.6994342291371983,0.3005657708628017,2.0333935470922393,2.426591194319625,2021-07-23 09:25:00,10.0,0.6726516949791133,0.58,7,balanced_core,both,all_sessions,0.6726516949791133,-44.088637314398966,6322.050501435115,20.22159328599742,0.006
117,2021-07-23 13:45:00,1797.98,bear,fvg,1795.3424003235243,1800.6175996764757,1.3187998382378623,1,1.0,32.77929616820397,44.27401561600709,0.8674968518259409,0.0005290189037996489,13,4,0.004665768901951749,0.01967754774899536,new_york,3,True,bear,-1,1.031240648176821,0,0,1.4608617759458429,-0.6681653701544672,normal,0,0.7022952295229559,0.29770477047704413,1.031240648176821,1.0539886036512909,2021-07-23 14:20:00,35.0,0.74198965317731,0.58,7,balanced_core,both,all_sessions,0.74198965317731,30.540490686122265,6352.590992121237,13.648773284694341,0.006
118,2021-07-26 08:30:00,1808.73,bear,fvg,1807.3395771945534,1810.1204228054467,0.6952114027233429,1,1.0,74.18774269912164,16.921130096212487,3.672316384180791,0.0002734356264163325,8,0,0.010672597129015443,0.013816266554711609,london,2,True,bear,-1,2.2439217680966927,0,0,1.028417967723297,3.2333726595751213,normal,0,0.5744824482448261,0.4255175517551739,2.2439217680966927,3.0062798046939605,2021-07-26 09:00:00,30.0,0.6822827365693954,0.58,7,balanced_core,both,all_sessions,0.6822827365693954,25.643437993399125,6378.234430114636,25.891405016502187,0.006
119,2021-07-26 10:20:00,1809.55,bear,fvg,1807.2248549793776,1811.8751450206223,1.1625725103111861,1,1.0,65.10135285956747,19.243433449819317,1.3262106607827198,0.0005070485292219477,10,0,0.011130792398428638,0.013369173477566278,london,2,True,bear,-1,1.75472925938522,0,0,1.5223020046194455,1.7559424267109116,normal,0,0.5744824482448261,0.4255175517551739,1.75472925938522,2.150403504148592,2021-07-26 10:55:00,35.0,0.814690668539231,0.58,7,balanced_core,both,all_sessions,0.814690668539231,29.806837908052017,6408.041268022688,15.482905229869958,0.006
120,2021-07-26 17:00:00,1800.44,bear,fvg,1797.0761025960865,1803.8038974039137,1.6819487019567447,1,1.0,32.584739457035695,36.819054244020144,1.388064133016627,0.0005475951049863421,17,0,0.006040354710191462,0.018336268517559245,new_york,3,True,bear,-1,1.1534240002344294,0,0,1.4779876067421316,2.1802350160920585,normal,0,0.7790279027902796,0.2209720972097204,1.1534240002344294,1.94417344369405,2021-07-26 17:20:00,20.0,0.6736664089669808,0.58,7,balanced_core,both,all_sessions,0.6736664089669808,31.71925113315083,6439.760519155839,10.701872167122927,0.006
121,2021-08-06 08:00:00,1800.04,bear,fvg,1798.969637471145,1801.110362528855,0.5351812644274846,1,1.0,46.30518891469419,25.396762058669392,1.3697442566103164,0.0001629429131395875,8,4,0.005816844822672761,0.01777782628149858,london,2,True,bear,-1,1.0837449637187653,0,0,1.012561954571685,-0.31138814721173375,normal,0,0.7655268667131896,0.23447313328681038,1.0837449637187653,1.4574501236219197,2021-08-06 08:25:00,25.0,0.7816333588061265,0.6,8,relaxed_asia,both,all_sessions,0.7816333588061265,22.54661424348935,6462.307133399328,33.63346439127662,0.006
122,2021-08-06 09:00:00,1801.41,bear,fvg,1799.8993628485514,1802.9206371514488,0.7553185757243275,1,1.0,60.483102996000355,21.28896716912205,2.425436128306134,0.0003034662001253816,9,4,0.0065823661874242,0.017030262684026045,london,2,True,bear,-1,1.2312685400438113,0,0,1.421468546995262,3.6289564551535016,normal,0,0.7655268667131896,0.23447313328681038,1.2312685400438113,2.5419737600903716,2021-08-06 09:25:00,25.0,0.6596306941899103,0.6,8,relaxed_asia,both,all_sessions,0.6596306941899103,26.467598399661696,6488.77473179899,23.831004000845763,0.006
123,2021-08-06 10:15:00,1798.79,bear,fvg,1796.9294619733923,1800.6505380266076,0.9302690133038231,0,-1.0,34.86113757915541,20.383770989004606,1.887713588283157,0.0002966797995689864,10,4,0.005118376424176983,0.018459909855834778,london,2,True,bear,-1,0.9889612432996342,0,0,1.5971221557794608,3.3254750740792898,normal,0,0.7655268667131896,0.23447313328681038,0.9889612432996342,2.8593879425835866,2021-08-06 10:25:00,10.0,0.751265412039458,0.6,8,relaxed_asia,both,all_sessions,0.751265412039458,-43.739696686692255,6445.035035112297,19.349241716730628,0.006
124,2021-08-09 01:05:00,1759.89,bear,fvg,1757.7454709818603,1762.03452901814,1.0722645090699243,1,1.0,36.85243666503608,26.830238287712895,1.8825466520307357,0.0005608903424404007,1,0,0.04556202471482893,0.039686350689177134,asia,1,True,bear,-1,1.10980079069485,0,0,0.5719281671809973,0.9865154762742675,low,1,0.7038549056351222,0.29614509436487785,1.10980079069485,2.3408403232306454,2021-08-09 01:15:00,10.0,0.8131624487681487,0.6,8,relaxed_asia,both,all_sessions,0.8131624487681487,20.499667239409238,6465.534702351706,11.750831901476898,0.0042
125,2021-08-09 08:25:00,1743.22,bear,fvg,1739.4509434979539,1746.9890565020462,1.8845282510231318,0,-1.0,67.96977968297315,19.647233701808663,1.9060342908038297,0.000521650449500215,8,0,0.03565826996197718,0.04878261723652468,london,2,True,bear,-1,1.4698638762757297,0,0,0.44857449915486003,0.5345443515487039,low,1,0.5757596038013657,0.4242403961986343,1.4698638762757297,2.2764317795028406,2021-08-09 09:40:00,75.0,0.7911503832255172,0.6,8,relaxed_asia,both,all_sessions,0.7911503832255172,-27.874409363332095,6437.660292988374,6.686023408330246,0.0042
126,2021-08-09 10:30:00,1750.01,bear,fvg,1746.201159614491,1753.818840385509,1.9044201927544957,1,1.0,75.27135776627827,29.665760467208976,1.1626097588084916,0.00047431689671282397,10,0,0.03969225285171099,0.045077539260730486,london,2,True,bear,-1,1.2129676049374543,0,0,0.46992024014658923,1.3546658241794653,low,1,0.5757596038013657,0.4242403961986343,1.2129676049374543,1.979605138794064,2021-08-09 11:10:00,40.0,0.7775637671740203,0.6,8,relaxed_asia,both,all_sessions,0.7775637671740203,22.55352522559097,6460.213818213965,6.616186936022568,0.0042
127,2021-08-10 02:35:00,1732.9,bear,fvg,1731.307046445944,1734.4929535540562,0.7964767770280404,1,1.0,67.60274590820964,22.38819252072858,2.1,0.0003059124331755163,2,1,0.029527091254752877,0.05441389922624429,asia,1,True,bear,-1,1.0420893916043632,0,0,0.47486579116641564,0.4372307293434958,low,1,0.6709275866684521,0.32907241333154796,1.0420893916043632,1.406192913972039,2021-08-10 02:50:00,15.0,0.8095592476336386,0.6,8,relaxed_asia,both,all_sessions,0.8095592476336386,18.872131887126432,6479.085950101092,15.819670282183912,0.0042
128,2021-08-11 08:20:00,1733.41,bear,fvg,1731.8386040884382,1734.981395911562,0.7856979557809666,1,1.0,54.68747123943452,25.065035412670717,1.2032865094089584,0.00031170921540836066,8,2,0.02983008555133082,0.054135609127915124,london,2,True,bear,-1,1.6673073798417377,0,0,1.1336884724504945,-0.210142434461166,normal,0,0.6656404765091682,0.3343595234908318,1.6673073798417377,1.8582204386020431,2021-08-11 09:05:00,45.0,0.8047387387911461,0.6,8,relaxed_asia,both,all_sessions,0.8047387387911461,26.83617317949694,6505.9221232805885,22.90956705125766,0.006
129,2021-08-11 10:20:00,1730.14,bear,fvg,1727.6316297016024,1732.6483702983978,1.2541851491989036,0,-1.0,40.85830200797466,24.88763966058181,1.0770121598147075,0.0005269247496348037,10,2,0.027887357414448703,0.055919939758378605,london,2,True,bear,-1,1.0205829664125414,0,0,1.5440280139012958,1.082632917110481,normal,0,0.6656404765091682,0.3343595234908318,1.0205829664125414,1.6106074938698116,2021-08-11 10:30:00,10.0,0.667211881640261,0.6,8,relaxed_asia,both,all_sessions,0.667211881640261,-41.74077918607087,6464.181344094518,14.351947965177157,0.006
130,2021-08-12 08:15:00,1751.93,bear,fvg,1750.6721712234732,1753.1878287765269,0.6289143882634146,1,1.0,55.362191876665214,31.966904196023737,1.3944817300521999,0.0002374657393732921,8,3,0.04083293726235743,0.04402985889055005,london,2,True,bear,-1,1.1607303213649245,0,0,0.9433497916354198,-0.12040879509550514,normal,0,0.5142551197965466,0.48574488020345336,1.1607303213649245,1.574141120755147,2021-08-12 09:00:00,45.0,0.7464298027267185,0.6,8,relaxed_asia,both,all_sessions,0.7464298027267185,24.5517009399626,6488.733045034481,28.620747650093495,0.006
131,2021-08-12 09:35:00,1754.07,bear,fvg,1752.0190332633013,1756.1209667366986,1.0254833683493334,1,1.0,62.766027208934204,30.439071329944166,1.6330935251798562,0.0004074635924959105,9,3,0.04210432509505697,0.04286213181128655,london,2,True,bear,-1,1.0434103887247692,0,0,1.489374026514716,2.349881397598397,normal,0,0.5142551197965466,0.48574488020345336,1.0434103887247692,1.794275808647847,2021-08-12 10:00:00,25.0,0.6722766246908604,0.6,8,relaxed_asia,both,all_sessions,0.6722766246908604,28.97892074876904,6517.71196578325,17.552698128077406,0.006
132,2021-08-20 08:10:00,1785.24,bear,fvg,1783.968502928615,1786.511497071385,0.6357485356925052,1,1.0,51.866463903746116,40.78637757747655,1.3368455712874547,0.00023390443472908723,8,4,0.06062262357414446,0.00935575162310632,london,2,True,bear,-1,1.651596411238628,0,0,0.863270822018904,-0.12672012806618177,normal,0,0.16450798990748502,0.835492010092515,1.651596411238628,2.217858037948882,2021-08-20 08:30:00,20.0,0.6585504157061374,0.6,8,relaxed_asia,both,all_sessions,0.6585504157061374,24.67476746579218,6542.386733249042,28.31308133551955,0.006
133,2021-09-07 16:05:00,1811.02,bear,fvg,1808.041140184315,1813.998859815685,1.4894299078424234,0,-1.0,50.149334640863074,26.9428436113455,1.4255345754657995,0.000578826243789783,16,1,0.017386956692714357,0.012503067150140441,new_york,3,True,bear,-1,1.047380606355454,0,0,1.3775967121191477,1.9451057648160457,normal,0,0.7069413511507066,0.29305864884929345,1.047380606355454,1.4770752140911072,2021-09-07 16:30:00,25.0,0.8848508199685393,0.65,9,balanced_core,both,all_sessions,0.8848508199685393,-40.83406433702521,6501.552668912016,12.085160842563026,0.006
134,2021-09-08 10:15:00,1798.88,bear,fvg,1796.5395045412326,1801.2204954587676,1.1702477293837596,1,1.0,63.0165764433766,34.8844698158052,1.2447462010992563,0.0004929366447318381,10,2,0.010567000174150552,0.019122658742059453,london,2,True,bear,-1,1.3074154827079922,0,0,1.8215688187800991,1.5872295122528717,normal,0,0.654231625835188,0.34576837416481204,1.3074154827079922,1.7603110420771508,2021-09-08 14:55:00,280.0,0.780569731795629,0.65,9,balanced_core,both,all_sessions,0.780569731795629,29.84745655196305,6531.400125463979,15.38135862009238,0.006
135,2021-09-08 14:00:00,1798.93,bear,fvg,1797.223592575788,1800.6364074242122,0.8532037121060932,1,1.0,59.964904114782776,12.588765307834056,1.7836812144212524,0.00027391587294868215,14,2,0.010595088957175914,0.019095395185255857,new_york,3,True,bear,-1,1.2892583381814386,0,0,0.9839979120016764,0.41530185224869237,normal,0,0.6915367483296199,0.3084632516703802,1.2892583381814386,2.5785166763623444,2021-09-08 14:45:00,45.0,0.690102473492894,0.65,9,balanced_core,both,all_sessions,0.690102473492894,27.561218150085757,6558.961343614064,21.096954624785603,0.006
136,2021-09-08 15:00:00,1800.22,bear,fvg,1797.9897803505191,1802.450219649481,1.1151098247404756,1,1.0,62.77423169573703,20.249247995562946,2.2366835382019765,0.0004704123228547958,15,2,0.011319779559230869,0.018391995419722466,new_york,3,True,bear,-1,2.914511134144466,0,0,1.2590935247064088,2.8758641213657596,normal,0,0.6915367483296199,0.3084632516703802,2.914511134144466,3.416703821873925,2021-09-08 15:30:00,30.0,0.7057894807966738,0.65,9,balanced_core,both,all_sessions,0.7057894807966738,29.543236872048993,6588.504580486114,16.141907819877506,0.006
137,2021-09-09 14:05:00,1796.63,bear,fvg,1795.278344284838,1797.981655715162,0.6758278575810304,0,-1.0,71.42926294957033,34.79729441772942,1.6456068175139582,0.0002702069857964538,14,3,0.009303004938008154,0.02034951879822238,new_york,3,True,bear,-1,2.7077901265423074,0,0,0.9444024033243699,0.921320631325092,normal,0,0.7826651818856716,0.21733481811432837,2.7077901265423074,2.752180128616727,2021-09-09 14:20:00,15.0,0.6567956062366662,0.65,9,balanced_core,both,all_sessions,0.6567956062366662,-46.65360049787098,6541.850979988243,26.63400124467745,0.006
138,2021-09-09 15:15:00,1799.93,bear,fvg,1797.3443065152142,1802.515693484786,1.2928467423929588,1,1.0,63.60885139401738,35.128346563596246,1.7150594253046485,0.0005110664397502308,15,3,0.011156864617683646,0.018550124049183447,new_york,3,True,bear,-1,1.0983513771878042,0,0,1.7195601994215757,1.9795113233276105,normal,0,0.7826651818856716,0.21733481811432837,1.0983513771878042,1.1757000657220824,2021-09-09 15:25:00,10.0,0.6779219984630924,0.65,9,balanced_core,both,all_sessions,0.6779219984630924,30.430894425526887,6572.28187441377,13.92276393618278,0.006
139,2021-09-09 16:30:00,1796.11,bear,fvg,1792.1524223450526,1800.0675776549472,1.9787888274735919,1,1.0,49.860506596087404,24.774010105495336,1.5285660234581915,0.0009130092001129693,16,3,0.009010881594544015,0.02063305978898015,new_york,3,True,bear,-1,1.0208264631144262,0,0,2.1283021003659903,2.270804868447578,normal,0,0.7483296213808436,0.25167037861915637,1.0208264631144262,1.7434907414576495,2021-09-09 16:50:00,20.0,0.7154410883525365,0.65,9,balanced_core,both,all_sessions,0.7154410883525365,32.361410626523295,6604.643285040293,9.096473433691761,0.006
140,2021-09-14 10:30:00,1791.82,bear,fvg,1789.992592683921,1793.647407316079,0.9137036580395349,1,1.0,43.923863970803986,18.88543213693776,1.3430594293070155,0.0003345974463994342,10,1,0.005268089069416399,0.022972272962730775,london,2,True,bear,-1,1.762059269254304,0,0,1.6363358683137088,1.793753507907772,normal,0,0.8724767080745354,0.12752329192546466,1.762059269254304,2.2217269047117427,2021-09-14 11:00:00,30.0,0.7205002571049247,0.65,9,balanced_core,both,all_sessions,0.7205002571049247,28.119983392154822,6632.763268432448,19.70004151961295,0.006
141,2021-09-16 08:30:00,1790.68,bear,fvg,1789.2763480354292,1792.083651964571,0.7018259822853797,1,1.0,37.12936868381351,26.672183428325646,3.6310395314787702,0.0002674396874747175,8,3,0.006226118228815552,0.023593882057853257,london,2,True,bear,-1,2.0802877591476294,0,0,1.0447824388259046,3.1254059631000715,normal,0,0.9059797608095655,0.0940202391904345,2.0802877591476294,2.493495601717987,2021-09-16 08:35:00,5.0,0.6738129857346795,0.65,9,balanced_core,both,all_sessions,0.6738129857346795,25.741046667217915,6658.504315099666,25.647383331955204,0.006
142,2021-09-16 10:15:00,1785.8,bear,fvg,1783.270863770282,1788.329136229718,1.2645681148590564,1,1.0,41.57332973625079,45.901749609734715,1.3083048919226394,0.00042046714760951375,10,3,0.0034839289728029028,0.026254805201886687,london,2,True,bear,-1,1.5578441183609912,0,0,1.6405018145659234,1.7781431465689956,normal,0,0.9059797608095655,0.0940202391904345,1.5578441183609912,2.348627934787879,2021-09-16 12:10:00,115.0,0.7019565623269114,0.65,9,balanced_core,both,all_sessions,0.7019565623269114,30.306356521726162,6688.810671621392,14.234108695684588,0.006
143,2021-09-16 14:40:00,1773.64,bear,fvg,1770.4574214644772,1776.822578535523,1.591289267761488,1,1.0,19.959710162240995,65.66247896799796,1.8869630746043708,0.00044851187407013925,14,3,0.00745806612856508,0.032885302216527135,new_york,3,True,bear,-1,1.5207794390545526,0,0,1.5544325761683353,1.7917946489147822,normal,0,0.9703159041394327,0.029684095860567295,1.5207794390545526,2.331442859046614,2021-09-16 15:05:00,25.0,0.7453526987240902,0.65,9,balanced_core,both,all_sessions,0.7453526987240902,31.475366958184413,6720.286038579577,11.31158260453896,0.006
144,2021-09-16 16:00:00,1760.2,bear,fvg,1755.5269766743436,1764.8730233256565,2.3365116628281752,1,1.0,12.268135112178484,81.12540249144104,1.41571010578438,0.0006582569215346913,16,3,0.008571886961105656,0.040213746285340385,new_york,3,True,bear,-1,1.0528515817560216,0,0,1.9047801030399767,1.910372480380084,normal,0,0.8921203922894834,0.10787960771051665,1.0528515817560216,1.3695630331785638,2021-09-16 16:35:00,35.0,0.8337057158479001,0.65,9,balanced_core,both,all_sessions,0.8337057158479001,32.91848317534834,6753.204521754925,7.703792061629134,0.006
145,2021-09-17 09:30:00,1764.74,bear,fvg,1763.0751163353702,1766.4048836646298,0.8324418323149174,1,1.0,76.46994468175441,42.970267340800774,1.7916029236783955,0.00031534819842514374,9,4,0.011173248378446517,0.037738215327571656,london,2,True,bear,-1,2.3425060157985302,0,0,1.2312358957571838,2.7414996818760775,normal,0,0.7659790328035173,0.23402096719648272,2.3425060157985302,2.6067887457858103,2021-09-17 10:00:00,30.0,0.8299770857559666,0.65,9,balanced_core,both,all_sessions,0.8299770857559666,27.3507470185899,6780.555268773514,21.62313245352524,0.006
146,2021-09-17 13:40:00,1762.73,bear,fvg,1760.6055917052488,1764.8544082947512,1.0622041473755564,1,1.0,37.82815484732573,17.60403875438799,0.9722001588562351,0.00046176402738519923,13,4,0.010021544314822035,0.0388342103110772,new_york,3,True,bear,-1,1.0355824750992895,0,0,1.2059610743242943,-0.6776695667313938,normal,0,0.9107203246533642,0.08927967534663589,1.0355824750992895,1.4686442374136077,2021-09-17 14:00:00,20.0,0.7119063749941206,0.65,9,balanced_core,both,all_sessions,0.7119063749941206,29.221641981168066,6809.776910754683,16.94589504707983,0.006
147,2021-09-17 15:15:00,1760.91,bear,fvg,1758.1790841363106,1763.6409158636895,1.3654579318447304,1,1.0,48.76662053174324,40.73819403097322,1.7040358744394617,0.0005390183229031162,15,4,0.008978707799500397,0.03982660377872895,new_york,3,True,bear,-1,2.0432705650850096,0,0,1.4446633863932066,3.489536967007977,normal,0,0.9107203246533642,0.08927967534663589,2.0432705650850096,2.4826835898343775,2021-09-17 15:35:00,20.0,0.8356841276090891,0.65,9,balanced_core,both,all_sessions,0.8356841276090891,30.727043703006785,6840.503954457689,13.182390742483031,0.006
148,2021-09-17 17:00:00,1754.36,bear,fvg,1748.29038120569,1760.4296187943098,3.034809397154967,1,1.0,48.27246546294884,32.222434359641866,1.5033747006313956,0.001019600619882576,17,4,0.005225642318534924,0.04339812972000335,new_york,3,True,bear,-1,1.4794998342265697,0,0,2.442002230328238,2.388795166213682,normal,0,0.9287566227031909,0.07124337729680909,1.4794998342265697,2.56358768603177,2021-09-17 17:15:00,15.0,0.714942560267271,0.65,9,balanced_core,both,all_sessions,0.714942560267271,33.62752810547187,6874.131482563162,5.931179736320328,0.006
149,2021-09-20 13:15:00,1758.96,bear,fvg,1757.1589663171633,1760.7610336828368,0.9005168414183965,1,1.0,63.54947245768288,54.57233687028339,0.9054271896829662,0.0003517188110701973,13,0,0.009695362413680336,0.03791541776970701,new_york,3,True,bear,-1,1.1659970715773715,0,0,0.8363954210082463,-0.4760303735460835,normal,0,0.791207516529405,0.20879248347059498,1.1659970715773715,1.488034358013,2021-09-20 13:55:00,40.0,0.6985742581071621,0.65,9,balanced_core,both,all_sessions,0.6985742581071621,28.004591509183243,6902.136074072345,19.988521227041886,0.006
150,2021-09-20 14:30:00,1757.75,bear,fvg,1755.8961200042022,1759.6038799957978,0.9269399978989322,1,1.0,51.57314406110313,35.747911136352045,1.6176005064893955,0.00038531409137063463,14,0,0.00900078642075236,0.03857724199794341,new_york,3,True,bear,-1,1.1543357740795241,0,0,0.9014553453203649,1.6889558379652998,normal,0,0.791207516529405,0.20879248347059498,1.1543357740795241,1.3916758397781614,2021-09-20 14:45:00,15.0,0.76091091481143,0.65,9,balanced_core,both,all_sessions,0.76091091481143,28.232506940772552,6930.368581013117,19.41873264806862,0.006
151,2021-09-20 15:30:00,1757.66,bear,fvg,1754.8388849670973,1760.4811150329028,1.4105575164513335,0,-1.0,49.37978344803461,25.54446605535611,1.6992335096620965,0.0005940604002019907,15,0,0.008949123743592477,0.038626468593432016,new_york,3,True,bear,-1,1.3469851302340825,0,0,1.3823881281471015,2.814507053562152,normal,0,0.791207516529405,0.20879248347059498,1.3469851302340825,1.9495837411284174,2021-09-20 15:55:00,25.0,0.724495529261677,0.65,9,balanced_core,both,all_sessions,0.724495529261677,-41.10436470404515,6889.264216309072,12.760911760112888,0.006
152,2021-09-21 08:25:00,1762.61,bear,fvg,1761.4558264127509,1763.764173587249,0.5770867936245578,1,1.0,57.58173244432275,25.381176069486038,1.4319620253164556,0.00016580733222942878,8,1,0.011790570987388546,0.03247922361646306,london,2,True,bear,-1,1.091690204939516,0,0,0.9383291828313416,0.5789215587879518,normal,0,0.7199849454271716,0.28001505457282844,1.091690204939516,1.490243771822303,2021-09-21 09:15:00,50.0,0.6996641825732783,0.65,9,balanced_core,both,all_sessions,0.6996641825732783,23.52354051497373,6912.787756824046,31.191148712565678,0.006
153,2021-09-21 10:10:00,1759.84,bear,fvg,1757.8971508469438,1761.782849153056,0.9714245765280396,0,-1.0,34.320321845412906,22.027293870410624,1.358548822848321,0.00038057742763116485,10,1,0.010200508590355142,0.03399971456487614,london,2,True,bear,-1,1.9250079163980691,0,0,1.5485756959992507,1.925916126646977,normal,0,0.7199849454271716,0.28001505457282844,1.9250079163980691,2.0897144760897226,2021-09-21 11:10:00,60.0,0.7782138150335393,0.65,9,balanced_core,both,all_sessions,0.7782138150335393,-43.41179518613083,6869.375961637915,18.52948796532708,0.006
154,2021-09-24 08:55:00,1755.18,bear,fvg,1753.6485615986564,1756.7114384013437,0.765719200671837,1,1.0,75.33429463825412,31.655545151461048,1.2857480501063578,0.00031829209233489924,8,4,0.010216238927611471,0.02952592641741027,london,2,True,bear,-1,1.227604060568554,0,0,0.881013174592852,0.4115352972217991,normal,0,0.7488404778636694,0.25115952213633064,1.227604060568554,1.3451406195590465,2021-09-24 09:50:00,55.0,0.7984400023832102,0.65,9,balanced_core,both,all_sessions,0.7984400023832102,26.597075280751724,6895.973036918666,23.507311798120696,0.006
155,2021-09-24 14:05:00,1756.44,bear,fvg,1754.755499214742,1758.124500785258,0.8422503926290373,1,1.0,59.042510763671245,22.941440514964036,1.2418048592364057,0.000292697934422817,14,4,0.01094144800078276,0.028829247254752277,new_york,3,True,bear,-1,1.2466601490352986,0,0,1.0158891228148235,0.2515854392721927,normal,0,0.8895291637385817,0.11047083626141835,1.2466601490352986,1.6503405782466491,2021-09-24 14:10:00,5.0,0.6916346699548515,0.65,9,balanced_core,both,all_sessions,0.6916346699548515,27.45147326375732,6923.424510182424,21.371316840606692,0.006
156,2021-09-24 15:20:00,1747.8,bear,fvg,1744.8919813350274,1750.7080186649725,1.4540093324863224,1,1.0,25.54353320670738,37.13485429275194,1.7342622542921127,0.0005753850034223662,15,4,0.005968585784750977,0.033606475798692886,new_york,3,True,bear,-1,1.7812815517293175,0,0,1.6385866849545543,2.8991709475247562,normal,0,0.8895291637385817,0.11047083626141835,1.7812815517293175,2.40713723206651,2021-09-24 15:45:00,25.0,0.7101795740666459,0.65,9,balanced_core,both,all_sessions,0.7101795740666459,31.04817483689165,6954.472685019316,12.379562907770866,0.006
157,2021-09-24 17:00:00,1747.08,bear,fvg,1742.6266848253108,1751.533315174689,2.226657587344538,0,-1.0,53.182243347021654,49.764332699869456,1.241504854368932,0.0009859441662713555,17,4,0.005554180600081652,0.03400457817735461,new_york,3,True,bear,-1,1.899708344938937,0,0,1.957711291510724,1.713374687184973,normal,0,0.7980323260716807,0.2019676739283193,1.899708344938937,2.1556974126966364,2021-09-24 18:00:00,60.0,0.7429596791809023,0.65,9,balanced_core,both,all_sessions,0.7429596791809023,-39.233546119044945,6915.2391389002705,8.083865297612375,0.006
158,2021-09-30 07:30:00,1730.62,bear,fvg,1729.303691642594,1731.9363083574058,0.6581541787029107,0,-1.0,32.74189310699113,27.494354287537437,1.1450119986287282,0.00028091509265532326,7,3,0.005210118200563297,0.03651041086738679,london,2,True,bear,-1,1.428236772503071,0,0,0.9936717990435233,-0.3567238386328445,normal,0,0.8517773306505706,0.1482226693494294,1.428236772503071,1.5649828464659985,2021-09-30 07:50:00,20.0,0.7550495250777188,0.65,9,balanced_core,both,all_sessions,0.7550495250777188,-46.93968591704362,6868.299452983227,27.34921479260904,0.006
159,2021-09-30 08:35:00,1733.03,bear,fvg,1731.5193359316768,1734.5406640683232,0.755332034161573,1,1.0,55.007792254112836,16.07378007781775,2.1572083186464575,0.00031014306614028577,8,3,0.006609938140737014,0.03310160905175296,london,2,True,bear,-1,1.2842034444848325,0,0,1.1971230700144335,1.1310633503744918,normal,0,0.8450007071135647,0.15499929288643527,1.2842034444848325,2.1447521443974455,2021-09-30 08:50:00,15.0,0.7765739658550964,0.65,9,balanced_core,both,all_sessions,0.7765739658550964,26.467768247123466,6894.7672212303505,23.830579382191335,0.006
160,2021-09-30 10:25:00,1731.05,bear,fvg,1728.5595583165561,1733.5404416834438,1.2452208417218953,0,-1.0,56.34956721698374,35.84234865026519,1.0423011844331642,0.0005501626586179595,10,3,0.005459878604826686,0.034206297841951366,london,2,True,bear,-1,1.413403904777451,0,0,1.7343332395790507,1.159272054923287,normal,0,0.8450007071135647,0.15499929288643527,1.413403904777451,1.6141715048878853,2021-09-30 11:05:00,40.0,0.8788623923253913,0.65,9,balanced_core,both,all_sessions,0.8788623923253913,-41.782106883180475,6852.98511434717,14.455267207951191,0.006
161,2021-09-30 15:50:00,1733.41,bear,fvg,1729.9269765537144,1736.8930234462857,1.7415117231427646,0,-1.0,69.71637800545122,29.38520434414256,1.3368603113236341,0.0006053739307860355,15,3,0.006830656637527947,0.030102785906524668,new_york,3,True,bear,-1,1.3206916550923693,0,0,1.6070594721060192,1.4815662108175787,normal,0,0.7635753508236728,0.23642464917632722,1.3206916550923693,1.7111570139891188,2021-09-30 15:55:00,5.0,0.7669827283828338,0.65,9,balanced_core,both,all_sessions,0.7669827283828338,-40.134339094201735,6812.850775252968,10.335847735504347,0.006
162,2021-11-09 08:10:00,1826.26,bull,fvg,1827.5558978390643,1824.9641021609357,0.6479489195321416,0,-1.0,74.10767847734817,19.261734425879066,1.5997603355302576,0.00022994710268412182,8,1,0.03878685149055502,0.000514448336252219,london,2,True,range,0,1.6513647414869388,0,0,0.9879988702908272,0.5963707785476511,normal,0,0.025459279618110633,0.9745407203818893,1.6513647414869388,1.9291644176250433,2021-11-09 08:20:00,10.0,0.67832093915813,0.6,11,baseline,both,london_only,0.67832093915813,-47.111987045520024,6765.738788207447,27.779967613800057,0.006
163,2021-11-11 07:50:00,1855.01,bull,fvg,1857.2128171897384,1852.8071828102616,1.1014085948692156,0,-1.0,75.72086655558952,30.75540214027298,1.9897160742231164,0.00037098263543168585,7,3,0.05514001148987245,0.0072462604693478705,london,2,True,range,0,1.1349103373834017,0,0,1.0212747445940342,1.1017740136303902,normal,0,0.1333272990586533,0.8666727009413467,1.1349103373834017,2.1699485650769486,2021-11-11 08:25:00,35.0,0.666061026519734,0.6,11,baseline,both,london_only,0.666061026519734,-42.53708354332841,6723.201704664119,16.34270885832103,0.006
164,2021-11-11 10:30:00,1859.88,bull,fvg,1862.3211390863123,1857.438860913688,1.2205695431560666,1,1.0,76.59053384390504,41.850204726430874,1.3633998265394622,0.0004010829587076372,10,3,0.05791009459236559,0.004639961467447939,london,2,True,range,0,1.1306197239952407,0,0,1.1352386315838385,0.8595304377094238,normal,0,0.059105720492396555,0.9408942795076034,1.1306197239952407,1.187969999850015,2021-11-11 10:45:00,15.0,0.7590389646214128,0.6,11,baseline,both,london_only,0.7590389646214128,30.101114483503736,6753.302819147622,14.74721379124067,0.006
165,2021-11-16 07:00:00,1866.56,bull,fvg,1868.2079739755645,1864.9120260244354,0.82398698778228,0,-1.0,54.187343352918674,16.549392309637025,1.9286471211586012,0.0003145669781033566,7,1,0.06170971576785908,0.0019996791958509378,london,2,True,range,0,1.0072974601623637,0,0,1.0609193344185268,0.25770800792367493,normal,0,0.03305711485342632,0.9669428851465737,1.0072974601623637,1.8204170966791302,2021-11-16 09:00:00,120.0,0.7556184219173278,0.6,11,baseline,both,london_only,0.7556184219173278,-44.7380020640597,6708.564817083563,21.845005160149263,0.006
166,2021-11-16 10:50:00,1869.88,bull,fvg,1872.4223751683355,1867.3376248316647,1.2711875841677036,1,1.0,71.44856570303789,20.585739049514853,1.9399249061326658,0.0005228109751934855,10,1,0.06359815024430208,0.0026508787369655174,london,2,True,range,0,1.7227984502648628,0,0,1.4343791383133522,3.7292186019381726,normal,0,0.013957869498200737,0.9860421305017992,1.7227984502648628,2.0531981530554333,2021-11-16 10:55:00,5.0,0.6524153166750742,0.6,11,baseline,both,london_only,0.6524153166750742,30.336005095019775,6738.9008221785825,14.159987262450551,0.006
167,2021-11-18 08:40:00,1863.11,bull,fvg,1864.7966767783273,1861.4233232216725,0.8433383891636865,1,1.0,29.737999334240897,20.516952499876748,1.3007473237729752,0.00030555449815935473,8,3,0.05209333318274737,0.007521720833355592,london,2,True,range,0,1.7667878269808133,0,0,1.1182026311804452,0.7036714717502194,normal,0,0.12080473817805673,0.8791952618219433,1.7667878269808133,1.9683676461666286,2021-11-18 09:00:00,20.0,0.6478129327507701,0.6,11,baseline,both,london_only,0.6478129327507701,27.462501775663426,6766.363323954246,21.34374556084144,0.006
168,2021-11-24 07:30:00,1795.15,bear,fvg,1793.7888691942444,1796.5111308057558,0.680565402877832,1,1.0,64.71599876390046,21.552552466651658,2.154818325434439,0.00026576883901764463,7,2,0.007379349046015764,0.04372399759219697,london,2,True,bear,-1,1.1607995303017242,0,0,0.7217997466382192,1.2087664163331433,normal,0,0.8571878609681832,0.14281213903181672,1.1607995303017242,1.513447488873994,2021-11-24 08:20:00,50.0,0.64966333461912,0.6,11,baseline,both,london_only,0.64966333461912,25.420561242822508,6791.783885197068,26.448596892943726,0.006
169,2021-11-24 08:35:00,1794.56,bear,fvg,1792.9281014786854,1796.1918985213144,0.8159492606571961,1,1.0,53.63531640352806,20.539262445241395,1.2911725955204216,0.00027427140684070027,8,2,0.007048260381593684,0.04403829045987975,london,2,True,bear,-1,1.188799410417693,0,0,0.9226525884591629,1.0186840362476857,normal,0,0.8945710385382761,0.10542896146172384,1.188799410417693,1.2623333945671722,2021-11-24 08:50:00,15.0,0.8083011798849972,0.6,11,baseline,both,london_only,0.8083011798849972,27.17592190205505,6818.959807099123,22.06019524486237,0.006
170,2021-11-24 10:10:00,1794.56,bear,fvg,1792.2371003352564,1796.8828996647435,1.1614498323717761,1,1.0,54.03253747731922,16.975507658821137,1.346272335181762,0.00047942399930627085,10,2,0.007048260381593684,0.04403829045987975,london,2,True,bear,-1,1.0504112756283988,0,0,1.2636269839040077,1.9638231323447586,normal,0,0.8945710385382761,0.10542896146172384,1.0504112756283988,1.5670069849539467,2021-11-24 10:30:00,20.0,0.6990199737633,0.6,11,baseline,both,london_only,0.6990199737633,29.800851488094818,6848.760658587218,15.497871279762961,0.006
171,2021-11-25 09:05:00,1794.18,bear,fvg,1792.8990036146022,1795.460996385398,0.640498192698951,1,1.0,63.98163735567376,13.08679452060099,0.8922849396105497,0.00024567636646121945,9,3,0.008793729688396156,0.04424071637465838,london,2,True,bear,-1,1.6393488880513967,0,0,0.9048250807834105,0.370723634820307,normal,0,0.8533792684162527,0.14662073158374728,1.6393488880513967,1.779864507027464,2021-11-25 09:25:00,20.0,0.6738934521779508,0.6,11,baseline,both,london_only,0.6738934521779508,24.758750481932637,6873.519409069151,28.103123795168404,0.006
172,2021-11-30 07:55:00,1795.8,bear,fvg,1793.5858421280534,1798.0141578719465,1.1070789359733035,1,1.0,87.37159390537836,38.841569145215075,1.3976800801947589,0.000345735126118463,7,1,0.010215791723858517,0.04337774273797034,london,2,True,bear,-1,1.6168675438000821,0,0,1.3341551024933025,1.314404285056924,normal,0,0.8176523747364206,0.18234762526357937,1.6168675438000821,1.6349331029486702,2021-11-30 08:05:00,10.0,0.8028687900043541,0.6,11,baseline,both,london_only,0.8028687900043541,29.496398706502177,6903.015807775653,16.25900323374456,0.006
